-- phpMyAdmin SQL Dump
-- version 5.2.0
-- https://www.phpmyadmin.net/
--
-- Servidor: localhost:3306
-- Tiempo de generación: 18-04-2024 a las 22:12:39
-- Versión del servidor: 8.0.30
-- Versión de PHP: 7.4.19

SET SQL_MODE = "NO_AUTO_VALUE_ON_ZERO";
START TRANSACTION;
SET time_zone = "+00:00";


/*!40101 SET @OLD_CHARACTER_SET_CLIENT=@@CHARACTER_SET_CLIENT */;
/*!40101 SET @OLD_CHARACTER_SET_RESULTS=@@CHARACTER_SET_RESULTS */;
/*!40101 SET @OLD_COLLATION_CONNECTION=@@COLLATION_CONNECTION */;
/*!40101 SET NAMES utf8mb4 */;

--
-- Base de datos: `cot`
--

-- --------------------------------------------------------

--
-- Estructura de tabla para la tabla `catalogo_02`
--

CREATE TABLE `catalogo_02` (
  `id` varchar(3) CHARACTER SET utf8mb3 COLLATE utf8mb3_spanish_ci NOT NULL,
  `detalle` varchar(150) CHARACTER SET utf8mb3 COLLATE utf8mb3_spanish_ci NOT NULL,
  `pais` varchar(100) CHARACTER SET utf8mb3 COLLATE utf8mb3_spanish_ci NOT NULL,
  `simbolo` varchar(5) CHARACTER SET utf8mb3 COLLATE utf8mb3_spanish_ci NOT NULL,
  `estado` tinyint(1) NOT NULL
) ENGINE=InnoDB DEFAULT CHARSET=utf8mb3 COLLATE=utf8mb3_spanish_ci ROW_FORMAT=DYNAMIC;

--
-- Volcado de datos para la tabla `catalogo_02`
--

INSERT INTO `catalogo_02` (`id`, `detalle`, `pais`, `simbolo`, `estado`) VALUES
('AED', 'UAE DIRHAM', 'EMIRATOS ÁRABES UNIDOS', '', 0),
('AFN', 'AFGHANI', 'AFGANISTÁN', '', 0),
('ALL', 'LEK', 'ALBANIA', '', 0),
('AMD', 'ARMENIAN DRAM', 'ARMENIA', '', 0),
('ANG', 'NETHERLANDS ANTILLIAN GUILDER', 'ANTILLAS HOLANDESAS', '', 0),
('AOA', 'KWANZA', 'ANGOLA', '', 0),
('ARS', 'ARGENTINE PESO', 'ARGENTINA', '', 0),
('AUD', 'AUSTRALIAN DOLLAR', 'AUSTRALIA', '', 0),
('AWG', 'ARUBAN GUILDER', 'ARUBA', '', 0),
('AZN', 'AZERBAIJANIAN MANAT', 'AZERBAIYÁN', '', 0),
('BAM', 'CONVERTIBLE MARKS', 'BOSNIA Y HERZEGOVINA', '', 0),
('BBD', 'BARBADOS DOLLAR', 'BARBADOS', '', 0),
('BDT', 'TAKA', 'BANGLADESH', '', 0),
('BGN', 'BULGARIAN LEV', 'BULGARIA', '', 0),
('BHD', 'BAHRAINI DINAR', 'BAHRÉIN', '', 0),
('BIF', 'BURUNDI FRANC', 'BURUNDI', '', 0),
('BMD', 'BERMUDIAN DOLLAR (CUSTOMARILY KNOWN AS BERMUDA DOLLAR)', 'BERMUDAS', '', 0),
('BND', 'BRUNEI DOLLAR', 'BRUNÉI DARUSSALAM', '', 0),
('BOB', 'BOLIVIANO', 'BOLIVIA', '', 0),
('BOV', 'MVDOL', 'BOLIVIA', '', 0),
('BRL', 'BRAZILIAN REAL', 'BRASIL', '', 0),
('BSD', 'BAHAMIAN DOLLAR', 'BAHAMAS', '', 0),
('BTN', 'NGULTRUM', 'BUTÁN', '', 0),
('BWP', 'PULA', 'BOTSUANA', '', 0),
('BYR', 'BELARUSSIAN RUBLE', 'BIELORRUSIA', '', 0),
('BZD', 'BELIZE DOLLAR', 'BELICE', '', 0),
('CAD', 'CANADIAN DOLLAR', 'CANADÁ', '', 0),
('CDF', 'CONGOLESE FRANC', 'REPÚBLICA DEMOCRÁTICA DEL CONGO', '', 0),
('CHE', 'WIR EURO', 'SUIZA', '', 0),
('CHF', 'SWISS FRANC', 'SUIZA', '', 0),
('CHW', 'WIR FRANC', 'SUIZA', '', 0),
('CLF', 'UNIDADES DE FOMENTO', 'CHILE', '', 0),
('CLP', 'CHILEAN PESO', 'CHILE', '', 0),
('CNY', 'YUAN RENMINBI', 'CHINA (REPÚBLICA POPULAR)', '', 0),
('COP', 'COLOMBIAN PESO', 'COLOMBIA', '', 0),
('COU', 'UNIDAD DE VALOR REAL', 'COLOMBIA', '', 0),
('CRC', 'COSTA RICAN COLON', 'COSTA RICA', '', 0),
('CUC', 'PESO CONVERTIBLE', 'CUBA', '', 0),
('CUP', 'CUBAN PESO', 'CUBA', '', 0),
('CVE', 'CAPE VERDE ESCUDO', 'CABO VERDE', '', 0),
('CZK', 'CZECH KORUNA', 'REPÚBLICA CHECA', '', 0),
('DJF', 'DJIBOUTI FRANC', 'YIBUTI', '', 0),
('DKK', 'DANISH KRONE', 'DINAMARCA', '', 0),
('DOP', 'DOMINICAN PESO', 'REPÚBLICA DOMINICANA', '', 0),
('DZD', 'ALGERIAN DINAR', 'ARGELIA', '', 0),
('EEK', 'KROON', 'ESTONIA', '', 0),
('EGP', 'EGYPTIAN POUND', 'EGIPTO', '', 0),
('ERN', 'NAKFA', 'ERITREA', '', 0),
('ETB', 'ETHIOPIAN BIRR', 'ETIOPÍA', '', 0),
('EUR', 'EURO', 'UNIÓN EUROPEA', '', 0),
('FJD', 'FIJI DOLLAR', 'FIYI', '', 0),
('FKP', 'FALKLAND ISLANDS POUND', 'ISLAS MALVINAS', '', 0),
('GBP', 'POUND STERLING', 'REINO UNIDO', '', 0),
('GEL', 'LARI', 'GEORGIA', '', 0),
('GHS', 'CEDI', 'GHANA', '', 0),
('GIP', 'GIBRALTAR POUND', 'GIBRALTAR', '', 0),
('GMD', 'DALASI', 'GAMBIA', '', 0),
('GNF', 'GUINEA FRANC', 'GUINEA', '', 0),
('GTQ', 'QUETZAL', 'GUATEMALA', '', 0),
('GYD', 'GUYANA DOLLAR', 'GUYANA', '', 0),
('HKD', 'HONG KONG DOLLAR', 'HONG KONG', '', 0),
('HNL', 'LEMPIRA', 'HONDURAS', '', 0),
('HRK', 'CROATIAN KUNA', 'CROACIA', '', 0),
('HTG', 'GOURDE', 'HAITÍ', '', 0),
('HUF', 'FORINT', 'HUNGRÍA', '', 0),
('IDR', 'RUPIAH', 'INDONESIA', '', 0),
('ILS', 'NEW ISRAELI SHEQEL', 'ISRAEL', '', 0),
('INR', 'INDIAN RUPEE', 'INDIA', '', 0),
('IQD', 'IRAQI DINAR', 'IRAQ', '', 0),
('IRR', 'IRANIAN RIAL', 'IRÁN', '', 0),
('ISK', 'ICELAND KRONA', 'ISLANDIA', '', 0),
('JMD', 'JAMAICAN DOLLAR', 'JAMAICA', '', 0),
('JOD', 'JORDANIAN DINAR', 'JORDANIA', '', 0),
('JPY', 'YEN', 'JAPÓN', '', 0),
('KES', 'KENYAN SHILLING', 'KENIA', '', 0),
('KGS', 'SOM', 'KIRGUISTÁN', '', 0),
('KHR', 'RIEL', 'CAMBOYA', '', 0),
('KMF', 'COMORO FRANC', 'COMORAS', '', 0),
('KPW', 'NORTH KOREAN WON', 'COREA (DEL NORTE)', '', 0),
('KRW', 'WON', 'COREA (DEL SUR)', '', 0),
('KWD', 'KUWAITI DINAR', 'KUWAIT', '', 0),
('KYD', 'CAYMAN ISLANDS DOLLAR', 'ISLAS CAIMÁN', '', 0),
('KZT', 'TENGE', 'KAZAJISTÁN', '', 0),
('LAK', 'KIP', 'LAOS', '', 0),
('LBP', 'LEBANESE POUND', 'LÍBANO', '', 0),
('LKR', 'SRI LANKA RUPEE', 'SRI LANKA', '', 0),
('LRD', 'LIBERIAN DOLLAR', 'LIBERIA', '', 0),
('LSL', 'LOTI', 'LESOTO', '', 0),
('LTL', 'LITHUANIAN LITAS', 'LITUANIA', '', 0),
('LVL', 'LATVIAN LATS', 'LETONIA', '', 0),
('LYD', 'LIBYAN DINAR', 'LIBIA', '', 0),
('MAD', 'MOROCCAN DIRHAM', 'MARRUECOS', '', 0),
('MDL', 'MOLDOVAN LEU', 'MOLDAVIA', '', 0),
('MGA', 'MALAGASY ARIARY', 'MADAGASCAR', '', 0),
('MKD', 'DENAR', 'MACEDONIA', '', 0),
('MMK', 'KYAT', 'MYANMAR (BIRMANIA)', '', 0),
('MNT', 'TUGRIK', 'MONGOLIA', '', 0),
('MOP', 'PATACA', 'MACAO', '', 0),
('MRO', 'OUGUIYA', 'MAURITANIA', '', 0),
('MUR', 'MAURITIUS RUPEE', 'MAURICIO', '', 0),
('MVR', 'RUFIYAA', 'MALDIVAS', '', 0),
('MWK', 'KWACHA', 'MALAUI', '', 0),
('MXN', 'MEXICAN PESO', 'MÉXICO', '', 0),
('MXV', 'MEXICAN UNIDAD DE INVERSION (UDI)', 'MÉXICO', '', 0),
('MYR', 'MALAYSIAN RINGGIT', 'MALASIA', '', 0),
('MZN', 'METICAL', 'MOZAMBIQUE', '', 0),
('NAD', 'NAMIBIA DOLLAR', 'NAMIBIA', '', 0),
('NGN', 'NAIRA', 'NIGERIA', '', 0),
('NIO', 'CORDOBA ORO', 'NICARAGUA', '', 0),
('NOK', 'NORWEGIAN KRONE', 'NORUEGA', '', 0),
('NPR', 'NEPALESE RUPEE', 'NEPAL', '', 0),
('NZD', 'NEW ZEALAND DOLLAR', 'NUEVA ZELANDA', '', 0),
('OMR', 'RIAL OMANI', 'OMÁN', '', 0),
('PAB', 'BALBOA', 'PANAMÁ', '', 0),
('PEN', 'NUEVO SOL', 'PERÚ', 'S/', 1),
('PGK', 'KINA', 'PAPÚA NUEVA GUINEA', '', 0),
('PHP', 'PHILIPPINE PESO', 'FILIPINAS', '', 0),
('PKR', 'PAKISTAN RUPEE', 'PAKISTÁN', '', 0),
('PLN', 'ZLOTY', 'POLONIA', '', 0),
('PYG', 'GUARANI', 'PARAGUAY', '', 0),
('QAR', 'QATARI RIAL', 'QATAR', '', 0),
('RON', 'NEW LEU', 'RUMANIA', '', 0),
('RSD', 'SERBIAN DINAR', 'SERBIA', '', 0),
('RUB', 'RUSSIAN RUBLE', 'RUSIA', '', 0),
('RWF', 'RWANDA FRANC', 'RUANDA', '', 0),
('SAR', 'SAUDI RIYAL', 'ARABIA SAUDITA', '', 0),
('SBD', 'SOLOMON ISLANDS DOLLAR', 'ISLAS SALOMÓN', '', 0),
('SCR', 'SEYCHELLES RUPEE', 'SEYCHELLES', '', 0),
('SDG', 'SUDANESE POUND', 'SUDÁN', '', 0),
('SEK', 'SWEDISH KRONA', 'SUECIA', '', 0),
('SGD', 'SINGAPORE DOLLAR', 'SINGAPUR', '', 0),
('SHP', 'SAINT HELENA POUND', 'SANTA HELENA', '', 0),
('SLL', 'LEONE', 'SIERRA LEONA', '', 0),
('SOS', 'SOMALI SHILLING', 'SOMALIA', '', 0),
('SRD', 'SURINAM DOLLAR', 'SURINAM', '', 0),
('STD', 'DOBRA', 'SANTO TOMÉ Y PRÍNCIPE', '', 0),
('SVC', 'EL SALVADOR COLON', 'EL SALVADOR', '', 0),
('SYP', 'SYRIAN POUND', 'SIRIA', '', 0),
('SZL', 'LILANGENI', 'SUAZILANDIA', '', 0),
('THB', 'BAHT', 'TAILANDIA', '', 0),
('TJS', 'SOMONI', 'TAYIKISTÁN', '', 0),
('TMT', 'MANAT', 'TURKMENISTÁN', '', 0),
('TND', 'TUNISIAN DINAR', 'TÚNEZ', '', 0),
('TOP', 'PA\'ANGA', 'TONGA', '', 0),
('TRY', 'TURKISH LIRA', 'TURQUÍA', '', 0),
('TTD', 'TRINIDAD AND TOBAGO DOLLAR', 'TRINIDAD Y TOBAGO', '', 0),
('TWD', 'NEW TAIWAN DOLLAR', 'TAIWÁN', '', 0),
('TZS', 'TANZANIAN SHILLING', 'TANZANIA', '', 0),
('UAH', 'HRYVNIA', 'UCRANIA', '', 0),
('UGX', 'UGANDA SHILLING', 'UGANDA', '', 0),
('USD', 'US DOLLAR', 'ESTADOS UNIDOS (EEUU)', '$', 1),
('USN', 'US DOLLAR (NEXT DAY)', 'ESTADOS UNIDOS (EEUU)', '', 0),
('USS', 'US DOLLAR (SAME DAY)', 'ESTADOS UNIDOS (EEUU)', '', 0),
('UYI', 'URUGUAY PESO EN UNIDADES INDEXADAS', 'URUGUAY', '', 0),
('UYU', 'PESO URUGUAYO', 'URUGUAY', '', 0),
('UZS', 'UZBEKISTAN SUM', 'UZBEKISTÁN', '', 0),
('VEF', 'BOLIVAR FUERTE', 'VENEZUELA', '', 0),
('VND', 'DONG', 'VIETNAM', '', 0),
('VUV', 'VATU', 'VANUATU', '', 0),
('WST', 'TALA', 'SAMOA DEL OESTE', '', 0),
('XAF', 'CFA FRANC BEAC ‡', '-', '', 0),
('XAG', 'SILVER', '-', '', 0),
('XAU', 'GOLD', '-', '', 0),
('XBA', 'BOND MARKETS UNITS EUROPEAN COMPOSITE UNIT (EURCO)', '-', '', 0),
('XBB', 'EUROPEAN MONETARY UNIT (E.M.U.-6)', '-', '', 0),
('XBC', 'EUROPEAN UNIT OF ACCOUNT 9(E.U.A.-9)', '-', '', 0),
('XBD', 'EUROPEAN UNIT OF ACCOUNT 17(E.U.A.-17)', '-', '', 0),
('XCD', 'EAST CARIBBEAN DOLLAR', '-', '', 0),
('XDR', 'SDR', '-', '', 0),
('XFU', 'UIC-FRANC', '-', '', 0),
('XOF', 'CFA FRANC BCEAO †', '-', '', 0),
('XPD', 'PALLADIUM', '-', '', 0),
('XPF', 'CFP FRANC', '-', '', 0),
('XPT', 'PLATINUM', '-', '', 0),
('YER', 'YEMENI RIAL', 'YEMEN', '', 0),
('ZAR', 'RAND', 'SUDÁFRICA', '', 0),
('ZMK', 'ZAMBIAN KWACHA', 'ZAMBIA', '', 0),
('ZWL', 'ZIMBABWE DOLLAR', 'ZIMBABUE', '', 0);

-- --------------------------------------------------------

--
-- Estructura de tabla para la tabla `catalogo_03`
--

CREATE TABLE `catalogo_03` (
  `id` varchar(3) CHARACTER SET utf8mb3 COLLATE utf8mb3_spanish_ci NOT NULL,
  `detalle` varchar(150) CHARACTER SET utf8mb3 COLLATE utf8mb3_spanish_ci NOT NULL,
  `estado` tinyint(1) NOT NULL
) ENGINE=InnoDB DEFAULT CHARSET=utf8mb3 COLLATE=utf8mb3_spanish_ci ROW_FORMAT=DYNAMIC;

--
-- Volcado de datos para la tabla `catalogo_03`
--

INSERT INTO `catalogo_03` (`id`, `detalle`, `estado`) VALUES
('4A', 'BOBINAS                                               ', 1),
('BE', 'FARDO                                                 ', 1),
('BG', 'BOLSA                                                 ', 1),
('BJ', 'BALDE                                                 ', 1),
('BLL', 'BARRILES                                              ', 1),
('BO', 'BOTELLAS                                              ', 1),
('BX', 'CAJA                                                  ', 1),
('C62', 'PIEZAS                                                ', 1),
('CA', 'LATAS                                                 ', 1),
('CEN', 'CIENTO DE UNIDADES                                    ', 1),
('CJ', 'CONOS                                                 ', 1),
('CMK', 'CENTIMETRO CUADRADO                                   ', 1),
('CMQ', 'CENTIMETRO CUBICO                                     ', 1),
('CMT', 'CENTIMETRO LINEAL                                     ', 1),
('CT', 'CARTONES                                              ', 1),
('CY', 'CILINDRO                                              ', 1),
('DR', 'TAMBOR                                                ', 1),
('DZN', 'DOCENA                                                ', 1),
('DZP', 'DOCENA POR 10**6                                      ', 1),
('FOT', 'PIES                                                  ', 1),
('FTK', 'PIES CUADRADOS                                        ', 1),
('FTQ', 'PIES CUBICOS                                          ', 1),
('GLI', 'GALON INGLES (4,545956L)', 1),
('GLL', 'US GALON (3,7843 L)', 1),
('GRM', 'GRAMO                                                 ', 1),
('GRO', 'GRUESA                                                ', 1),
('HLT', 'HECTOLITRO                                            ', 1),
('INH', 'PULGADAS                                              ', 1),
('KGM', 'KILOGRAMO                                             ', 1),
('KT', 'KIT                                                   ', 1),
('KTM', 'KILOMETRO                                             ', 1),
('KWH', 'KILOVATIO HORA                                        ', 1),
('LBR', 'LIBRAS                                                ', 1),
('LEF', 'HOJA                                                  ', 1),
('LTN', 'TONELADA LARGA                                        ', 1),
('LTR', 'LITRO                                                 ', 1),
('MGM', 'MILIGRAMOS                                            ', 1),
('MLL', 'MILLARES                                              ', 1),
('MLT', 'MILILITRO                                             ', 1),
('MMK', 'MILIMETRO CUADRADO                                    ', 1),
('MMQ', 'MILIMETRO CUBICO                                      ', 1),
('MMT', 'MILIMETRO                                             ', 1),
('MTK', 'METRO CUADRADO                                        ', 1),
('MTQ', 'METRO CUBICO                                          ', 1),
('MTR', 'METRO                                                 ', 1),
('MWH', 'MEGAWATT HORA                                         ', 1),
('NIU', 'UNIDAD (BIENES)                                      ', 1),
('ONZ', 'ONZAS                                                 ', 1),
('PF', 'PALETAS                                               ', 1),
('PG', 'PLACAS                                                ', 1),
('PK', 'PAQUETE                                               ', 1),
('PR', 'PAR                                                   ', 1),
('RM', 'RESMA                                                 ', 1),
('SET', 'JUEGO                                                 ', 1),
('ST', 'PLIEGO                                                ', 1),
('STN', 'TONELADA CORTA                                        ', 1),
('TNE', 'TONELADAS                                             ', 1),
('TU', 'TUBOS                                                 ', 1),
('UM', 'MILLON DE UNIDADES                                    ', 1),
('YDK', 'YARDA CUADRADA                                        ', 1),
('YRD', 'YARDA                                                 ', 1),
('ZZ', 'UNIDAD (SERVICIOS) ', 1);

-- --------------------------------------------------------

--
-- Estructura de tabla para la tabla `catalogo_04`
--

CREATE TABLE `catalogo_04` (
  `id` varchar(2) CHARACTER SET utf8mb3 COLLATE utf8mb3_spanish_ci NOT NULL,
  `detalle` varchar(150) CHARACTER SET utf8mb3 COLLATE utf8mb3_spanish_ci NOT NULL,
  `estado` tinyint(1) NOT NULL
) ENGINE=InnoDB DEFAULT CHARSET=utf8mb3 COLLATE=utf8mb3_spanish_ci ROW_FORMAT=DYNAMIC;

--
-- Volcado de datos para la tabla `catalogo_04`
--

INSERT INTO `catalogo_04` (`id`, `detalle`, `estado`) VALUES
('AD', 'ANDORRA', 1),
('AE', 'UNITED ARAB EMIRATES', 1),
('AF', 'AFGHANISTAN', 1),
('AG', 'ANTIGUA AND BARBUDA', 1),
('AI', 'ANGUILLA', 1),
('AL', 'ALBANIA', 1),
('AM', 'ARMENIA', 1),
('AN', 'NETHERLANDS ANTILLES', 1),
('AO', 'ANGOLA', 1),
('AQ', 'ANTARCTICA', 1),
('AR', 'ARGENTINA', 1),
('AS', 'AMERICAN SAMOA', 1),
('AT', 'AUSTRIA', 1),
('AU', 'AUSTRALIA', 1),
('AW', 'ARUBA', 1),
('AZ', 'AZERBAIJAN', 1),
('BA', 'BOSNIA AND HERZEGOVINA', 1),
('BB', 'BARBADOS', 1),
('BD', 'BANGLADESH', 1),
('BE', 'BELGIUM', 1),
('BF', 'BURKINA FASO', 1),
('BG', 'BULGARIA', 1),
('BH', 'BAHRAIN', 1),
('BI', 'BURUNDI', 1),
('BJ', 'BENIN', 1),
('BM', 'BERMUDA', 1),
('BN', 'BRUNEI DARUSSALAM', 1),
('BO', 'BOLIVIA', 1),
('BR', 'BRAZIL', 1),
('BS', 'BAHAMAS', 1),
('BT', 'BHUTAN', 1),
('BV', 'BOUVET ISLAND', 1),
('BW', 'BOTSWANA', 1),
('BY', 'BELARUS', 1),
('BZ', 'BELIZE', 1),
('CA', 'CANADA', 1),
('CC', 'COCOS (KEELING) ISLANDS', 1),
('CF', 'CENTRAL AFRICAN REPUBLIC', 1),
('CG', 'CONGO', 1),
('CH', 'SWITZERLAND', 1),
('CI', 'COTE D’IVOIRE', 1),
('CK', 'COOK ISLANDS', 1),
('CL', 'CHILE', 1),
('CM', 'CAMEROON', 1),
('CN', 'CHINA', 1),
('CO', 'COLOMBIA', 1),
('CR', 'COSTA RICA', 1),
('CU', 'CUBA', 1),
('CV', 'CAPE VERDE', 1),
('CX', 'CHRISTMAS ISLAND', 1),
('CY', 'CYPRUS', 1),
('CZ', 'CZECH REPUBLIC', 1),
('DE', 'GERMANY', 1),
('DJ', 'DJIBOUTI', 1),
('DK', 'DK DENMARK', 1),
('DM', 'DOMINICA', 1),
('DO', 'DOMINICAN REPUBLIC', 1),
('DZ', 'ALGERIA', 1),
('EC', 'ECUADOR', 1),
('EE', 'ESTONIA', 1),
('EG', 'EGYPT', 1),
('EH', 'WESTERN SAHARA', 1),
('ER', 'ERITREA', 1),
('ES', 'SPAIN', 1),
('ET', 'ETHIOPIA', 1),
('FI', 'FINLAND', 1),
('FJ', 'FIJI', 1),
('FK', 'FALKLAND ISLANDS (MALVINAS)', 1),
('FM', 'MICRONESIA, FEDERATED STATES OF', 1),
('FO', 'FAROE ISLANDS', 1),
('FR', 'FRANCE', 1),
('FX', 'FRANCE, METROPOLITAN', 1),
('GA', 'GABON', 1),
('GB', 'UNITED KINGDOM', 1),
('GD', 'GRENADA', 1),
('GE', 'GEORGIA', 1),
('GF', 'FRENCH GUIANA', 1),
('GH', 'GHANA', 1),
('GI', 'GIBRALTAR', 1),
('GL', 'GREENLAND', 1),
('GM', 'GAMBIA', 1),
('GN', 'GUINEA', 1),
('GP', 'GUADELOUPE', 1),
('GQ', 'EQUATORIAL GUINEA', 1),
('GR', 'GREECE', 1),
('GS', 'SOUTH GEORGIA AND THE SOUTH SANDWICH ISLANDS', 1),
('GT', 'GUATEMALA', 1),
('GU', 'GUAM', 1),
('GW', 'GUINEA-BISSAU', 1),
('GY', 'GUYANA', 1),
('HK', 'HONG KONG', 1),
('HM', 'HEARD ISLAND AND MC DONALD ISLANDS', 1),
('HN', 'HONDURAS', 1),
('HR', 'CROATIA', 1),
('HT', 'HAITI', 1),
('HU', 'HUNGARY', 1),
('ID', 'INDONESIA', 1),
('IE', 'IRELAND', 1),
('IL', 'ISRAEL', 1),
('IN', 'INDIA', 1),
('IO', 'BRITISH INDIAN OCEAN TERRITORY', 1),
('IQ', 'IRAQ', 1),
('IR', 'IRAN (ISLAMIC REPUBLIC OF)', 1),
('IS', 'ICELAND', 1),
('IT', 'ITALY', 1),
('JM', 'JAMAICA', 1),
('JO', 'JORDAN', 1),
('JP', 'JAPAN', 1),
('KE', 'KENYA', 1),
('KG', 'KYRGYZSTAN', 1),
('KH', 'CAMBODIA', 1),
('KI', 'KIRIBATI', 1),
('KM', 'COMOROS', 1),
('KN', 'SAINT KITTS AND NEVIS', 1),
('KP', 'KOREA, DEMOCRATIC PEOPLE’S REPUBLIC OF', 1),
('KR', 'KOREA, REPUBLIC OF', 1),
('KW', 'KUWAIT', 1),
('KY', 'CAYMAN ISLANDS', 1),
('KZ', 'KAZAKHSTAN', 1),
('LA', 'LAO PEOPLE’S DEMOCRATIC REPUBLIC', 1),
('LB', 'LEBANON', 1),
('LC', 'SAINT LUCIA', 1),
('LI', 'LIECHTENSTEIN', 1),
('LK', 'SRI LANKA', 1),
('LR', 'LIBERIA', 1),
('LS', 'LESOTHO', 1),
('LT', 'LITHUANIA', 1),
('LU', 'LUXEMBOURG', 1),
('LV', 'LV LATVIA', 1),
('LY', 'LIBYAN ARAB JAMAHIRIYA', 1),
('MA', 'MOROCCO', 1),
('MC', 'MONACO', 1),
('MD', 'MOLDOVA, REPUBLIC OF', 1),
('MG', 'MADAGASCAR', 1),
('MH', 'MARSHALL ISLANDS', 1),
('MK', 'THE FORMER YUGOSLAV REPUBLIC OF MACEDONIA', 1),
('ML', 'MALI', 1),
('MM', 'MYANMAR', 1),
('MN', 'MONGOLIA', 1),
('MO', 'MACAU', 1),
('MP', 'NORTHERN MARIANA ISLANDS', 1),
('MQ', 'MARTINIQUE', 1),
('MR', 'MAURITANIA', 1),
('MS', 'MONTSERRAT', 1),
('MT', 'MALTA', 1),
('MU', 'MAURITIUS', 1),
('MV', 'MALDIVES', 1),
('MW', 'MALAWI', 1),
('MX', 'MEXICO', 1),
('MY', 'MALAYSIA', 1),
('MZ', 'MOZAMBIQUE', 1),
('NA', 'NAMIBIA', 1),
('NC', 'NEW CALEDONIA', 1),
('NE', 'NIGER', 1),
('NF', 'NORFOLK ISLAND', 1),
('NG', 'NIGERIA', 1),
('NI', 'NICARAGUA', 1),
('NL', 'NETHERLANDS', 1),
('NO', 'NORWAY', 1),
('NP', 'NEPAL', 1),
('NR', 'NAURU', 1),
('NU', 'NIUE', 1),
('NZ', 'NEW ZEALAND', 1),
('OM', 'OMAN', 1),
('PA', 'PANAMA', 1),
('PE', 'PERU', 1),
('PF', 'FRENCH POLYNESIA', 1),
('PG', 'PAPUA NEW GUINEA', 1),
('PH', 'PHILIPPINES', 1),
('PK', 'PAKISTAN', 1),
('PL', 'POLAND', 1),
('PM', 'SAINT PIERRE AND MIQUELON', 1),
('PN', 'PITCAIRN', 1),
('PR', 'PUERTO RICO', 1),
('PT', 'PORTUGAL', 1),
('PW', 'PALAU', 1),
('PY', 'PARAGUAY', 1),
('QA', 'QATAR', 1),
('RE', 'REUNION', 1),
('RO', 'ROMANIA', 1),
('RU', 'RUSSIAN FEDERATION', 1),
('RW', 'RWANDA', 1),
('SA', 'SAUDI ARABIA', 1),
('SB', 'SOLOMON ISLANDS', 1),
('SC', 'SEYCHELLES', 1),
('SD', 'SUDAN', 1),
('SE', 'SWEDEN', 1),
('SG', 'SINGAPORE', 1),
('SH', 'SAINT HELENA', 1),
('SI', 'SLOVENIA', 1),
('SJ', 'SVALBARD AND JAN MAYEN ISLANDS', 1),
('SK', 'SLOVAKIA', 1),
('SL', 'SIERRA LEONE', 1),
('SM', 'SAN MARINO', 1),
('SN', 'SENEGAL', 1),
('SO', 'SOMALIA', 1),
('SR', 'SURINAME', 1),
('ST', 'SÃO TOME AND PRINCIPE', 1),
('SV', 'EL SALVADOR', 1),
('SY', 'SYRIAN ARAB REPUBLIC', 1),
('SZ', 'SWAZILAND', 1),
('TC', 'TURKS AND CAICOS ISLANDS', 1),
('TD', 'CHAD', 1),
('TF', 'FRENCH SOUTHERN TERRITORIES', 1),
('TG', 'TOGO', 1),
('TH', 'THAILAND', 1),
('TJ', 'TAJIKISTAN', 1),
('TK', 'TOKELAU', 1),
('TM', 'TURKMENISTAN', 1),
('TN', 'TUNISIA', 1),
('TO', 'TONGA', 1),
('TP', 'EAST TIMOR', 1),
('TR', 'TURKEY', 1),
('TT', 'TRINIDAD AND TOBAGO', 1),
('TV', 'TUVALU', 1),
('TW', 'TAIWAN, PROVINCE OF CHINA', 1),
('TZ', 'TANZANIA, UNITED REPUBLIC OF', 1),
('UA', 'UKRAINE', 1),
('UG', 'UGANDA', 1),
('UM', 'UNITED STATES MINOR OUTLYING ISLANDS', 1),
('US', 'UNITED STATES', 1),
('UY', 'URUGUAY', 1),
('UZ', 'UZBEKISTAN', 1),
('VA', 'VATICAN CITY STATE (HOLY SEE)', 1),
('VC', 'SAINT VINCENT AND THE GRENADINES', 1),
('VE', 'VENEZUELA', 1),
('VG', 'VIRGIN ISLANDS (BRITISH)', 1),
('VI', 'VIRGIN ISLANDS (U.S.)', 1),
('VN', 'VIET NAM', 1),
('VU', 'VANUATU', 1),
('WF', 'WALLIS AND FUTUNA ISLANDS', 1),
('WS', 'SAMOA', 1),
('YE', 'YEMEN', 1),
('YT', 'MAYOTTE', 1),
('YU', 'YUGOSLAVIA', 1),
('ZA', 'SOUTH AFRICA', 1),
('ZM', 'ZAMBIA', 1),
('ZR', 'ZAIRE', 1),
('ZW', 'ZIMBABWE', 1);

-- --------------------------------------------------------

--
-- Estructura de tabla para la tabla `catalogo_06`
--

CREATE TABLE `catalogo_06` (
  `id` varchar(1) CHARACTER SET utf8mb3 COLLATE utf8mb3_spanish_ci NOT NULL,
  `detalle` varchar(100) CHARACTER SET utf8mb3 COLLATE utf8mb3_spanish_ci NOT NULL,
  `estado` tinyint(1) NOT NULL
) ENGINE=InnoDB DEFAULT CHARSET=utf8mb3 COLLATE=utf8mb3_spanish_ci ROW_FORMAT=DYNAMIC;

--
-- Volcado de datos para la tabla `catalogo_06`
--

INSERT INTO `catalogo_06` (`id`, `detalle`, `estado`) VALUES
('0', 'OTROS TIPOS DE DOCUMENTOS', 1),
('1', 'DOCUMENTO NACIONAL DE IDENTIDAD (DNI)', 1),
('4', 'CARNET DE EXTRANJERIA', 1),
('6', 'REGISTRO ÚNICO DE CONTRIBUYENTES', 1),
('7', 'PASAPORTE', 1),
('A', 'CÉDULA DIPLOMÁTICA DE IDENTIDAD', 1);

-- --------------------------------------------------------

--
-- Estructura de tabla para la tabla `catalogo_07`
--

CREATE TABLE `catalogo_07` (
  `id` varchar(2) CHARACTER SET utf8mb3 COLLATE utf8mb3_spanish_ci NOT NULL,
  `detalle` varchar(100) CHARACTER SET utf8mb3 COLLATE utf8mb3_spanish_ci NOT NULL,
  `tipo` varchar(15) CHARACTER SET utf8mb3 COLLATE utf8mb3_spanish_ci NOT NULL,
  `estado` tinyint(1) NOT NULL
) ENGINE=InnoDB DEFAULT CHARSET=utf8mb3 COLLATE=utf8mb3_spanish_ci ROW_FORMAT=DYNAMIC;

--
-- Volcado de datos para la tabla `catalogo_07`
--

INSERT INTO `catalogo_07` (`id`, `detalle`, `tipo`, `estado`) VALUES
('10', 'Gravado -  Operación Onerosa', 'GRAV', 1),
('11', 'Gravado - Retiro por premio', 'GRAV', 0),
('12', 'Gravado - Retiro por donación', 'GRAV', 0),
('13', 'Gravado - Retiro', 'GRAV', 0),
('14', 'Gravado - Retiro por publicidad', 'GRAV', 0),
('15', 'Gravado - Bonificaciones', 'GRAV', 0),
('16', 'Gravado - Retiro por entrega a trabajadores', 'GRAV', 0),
('17', 'Gravado - IVAP', 'GRAV', 0),
('20', 'Exonerado - Operación Onerosa', 'EXO', 1),
('21', 'Exonerado - Transferencia Gratuita', 'EXO', 0),
('30', 'Inafecto - Operación Onerosa ', 'INA', 1),
('31', 'Inafecto - Retiro por Bonificación', 'INA', 0),
('32', 'Inafecto - Retiro', 'INA', 0),
('33', 'Inafecto - Retiro por Muestras Médica', 'INA', 0),
('34', 'Inafecto -  Retiro por Convenio Colectivo', 'INA', 0),
('35', 'Inafecto - Retiro por premio', 'INA', 0),
('36', 'Inafecto -  Retiro por publicidad', 'INA', 0),
('40', 'Exportación', 'EXP', 0);

-- --------------------------------------------------------

--
-- Estructura de tabla para la tabla `catalogo_09`
--

CREATE TABLE `catalogo_09` (
  `id` varchar(2) CHARACTER SET utf8mb3 COLLATE utf8mb3_spanish_ci NOT NULL,
  `detalle` varchar(50) CHARACTER SET utf8mb3 COLLATE utf8mb3_spanish_ci NOT NULL,
  `estado` bit(1) NOT NULL
) ENGINE=InnoDB DEFAULT CHARSET=utf8mb3 COLLATE=utf8mb3_spanish_ci ROW_FORMAT=DYNAMIC;

--
-- Volcado de datos para la tabla `catalogo_09`
--

INSERT INTO `catalogo_09` (`id`, `detalle`, `estado`) VALUES
('00', '', b'0'),
('01', 'ANULACIÓN DE LA OPERACIÓN', b'1'),
('02', 'ANULACIÓN POR ERROR EN EL RUC', b'1'),
('03', 'CORRECCIÓN POR ERROR EN LA DESCRIPCIÓN', b'1'),
('04', 'DESCUENTO GLOBAL', b'1'),
('05', 'DESCUENTO POR ÍTEM', b'1'),
('06', 'DEVOLUCIÓN TOTAL', b'1'),
('07', 'DEVOLUCIÓN POR ÍTEM', b'1'),
('08', 'BONIFICACIÓN', b'1'),
('09', 'DISMINUCIÓN EN EL VALOR', b'1'),
('10', 'OTROS CONCEPTOS ', b'1'),
('11', 'AJUSTES DE OPERACIONES DE EXPORTACIÓN', b'1'),
('12', 'AJUSTES AFECTOS AL IVAP', b'1');

-- --------------------------------------------------------

--
-- Estructura de tabla para la tabla `catalogo_10`
--

CREATE TABLE `catalogo_10` (
  `id` varchar(2) CHARACTER SET utf8mb3 COLLATE utf8mb3_spanish_ci NOT NULL,
  `detalle` varchar(50) CHARACTER SET utf8mb3 COLLATE utf8mb3_spanish_ci NOT NULL,
  `estado` bit(1) NOT NULL
) ENGINE=InnoDB DEFAULT CHARSET=utf8mb3 COLLATE=utf8mb3_spanish_ci ROW_FORMAT=DYNAMIC;

--
-- Volcado de datos para la tabla `catalogo_10`
--

INSERT INTO `catalogo_10` (`id`, `detalle`, `estado`) VALUES
('00', '', b'0'),
('01', 'INTERESES POR MORA', b'1'),
('02', 'AUMENTO EN EL VALOR', b'1'),
('03', 'PENALIDADES/ OTROS CONCEPTOS ', b'1'),
('11', 'AJUSTES DE OPERACIONES DE EXPORTACIÓN', b'1'),
('12', 'AJUSTES AFECTOS AL IVAP', b'1');

-- --------------------------------------------------------

--
-- Estructura de tabla para la tabla `catalogo_13_dist`
--

CREATE TABLE `catalogo_13_dist` (
  `id` varchar(6) CHARACTER SET utf8mb3 COLLATE utf8mb3_spanish_ci NOT NULL,
  `detalle` varchar(250) CHARACTER SET utf8mb3 COLLATE utf8mb3_spanish_ci NOT NULL,
  `idprov` varchar(4) CHARACTER SET utf8mb3 COLLATE utf8mb3_spanish_ci NOT NULL
) ENGINE=InnoDB DEFAULT CHARSET=utf8mb3 COLLATE=utf8mb3_spanish_ci ROW_FORMAT=DYNAMIC;

--
-- Volcado de datos para la tabla `catalogo_13_dist`
--

INSERT INTO `catalogo_13_dist` (`id`, `detalle`, `idprov`) VALUES
('000000', 'NINGUNO', '0000'),
('010101', 'CHACHAPOYAS', '0101'),
('010102', 'ASUNCIÓN', '0101'),
('010103', 'BALSAS', '0101'),
('010104', 'CHETO', '0101'),
('010105', 'CHILIQUIN', '0101'),
('010106', 'CHUQUIBAMBA', '0101'),
('010107', 'GRANADA', '0101'),
('010108', 'HUANCAS', '0101'),
('010109', 'LA JALCA', '0101'),
('010110', 'LEIMEBAMBA', '0101'),
('010111', 'LEVANTO', '0101'),
('010112', 'MAGDALENA', '0101'),
('010113', 'MARISCAL CASTILLA', '0101'),
('010114', 'MOLINOPAMPA', '0101'),
('010115', 'MONTEVIDEO', '0101'),
('010116', 'OLLEROS', '0101'),
('010117', 'QUINJALCA', '0101'),
('010118', 'SAN FRANCISCO DE DAGUAS', '0101'),
('010119', 'SAN ISIDRO DE MAINO', '0101'),
('010120', 'SOLOCO', '0101'),
('010121', 'SONCHE', '0101'),
('010201', 'BAGUA', '0102'),
('010202', 'ARAMANGO', '0102'),
('010203', 'COPALLIN', '0102'),
('010204', 'EL PARCO', '0102'),
('010205', 'IMAZA', '0102'),
('010206', 'LA PECA', '0102'),
('010301', 'JUMBILLA', '0103'),
('010302', 'CHISQUILLA', '0103'),
('010303', 'CHURUJA', '0103'),
('010304', 'COROSHA', '0103'),
('010305', 'CUISPES', '0103'),
('010306', 'FLORIDA', '0103'),
('010307', 'JAZAN', '0103'),
('010308', 'RECTA', '0103'),
('010309', 'SAN CARLOS', '0103'),
('010310', 'SHIPASBAMBA', '0103'),
('010311', 'VALERA', '0103'),
('010312', 'YAMBRASBAMBA', '0103'),
('010401', 'NIEVA', '0104'),
('010402', 'EL CENEPA', '0104'),
('010403', 'RÍO SANTIAGO', '0104'),
('010501', 'LAMUD', '0105'),
('010502', 'CAMPORREDONDO', '0105'),
('010503', 'COCABAMBA', '0105'),
('010504', 'COLCAMAR', '0105'),
('010505', 'CONILA', '0105'),
('010506', 'INGUILPATA', '0105'),
('010507', 'LONGUITA', '0105'),
('010508', 'LONYA CHICO', '0105'),
('010509', 'LUYA', '0105'),
('010510', 'LUYA VIEJO', '0105'),
('010511', 'MARÍA', '0105'),
('010512', 'OCALLI', '0105'),
('010513', 'OCUMAL', '0105'),
('010514', 'PISUQUIA', '0105'),
('010515', 'PROVIDENCIA', '0105'),
('010516', 'SAN CRISTÓBAL', '0105'),
('010517', 'SAN FRANCISCO DE YESO', '0105'),
('010518', 'SAN JERÓNIMO', '0105'),
('010519', 'SAN JUAN DE LOPECANCHA', '0105'),
('010520', 'SANTA CATALINA', '0105'),
('010521', 'SANTO TOMAS', '0105'),
('010522', 'TINGO', '0105'),
('010523', 'TRITA', '0105'),
('010601', 'SAN NICOLÁS', '0106'),
('010602', 'CHIRIMOTO', '0106'),
('010603', 'COCHAMAL', '0106'),
('010604', 'HUAMBO', '0106'),
('010605', 'LIMABAMBA', '0106'),
('010606', 'LONGAR', '0106'),
('010607', 'MARISCAL BENAVIDES', '0106'),
('010608', 'MILPUC', '0106'),
('010609', 'OMIA', '0106'),
('010610', 'SANTA ROSA', '0106'),
('010611', 'TOTORA', '0106'),
('010612', 'VISTA ALEGRE', '0106'),
('010701', 'BAGUA GRANDE', '0107'),
('010702', 'CAJARURO', '0107'),
('010703', 'CUMBA', '0107'),
('010704', 'EL MILAGRO', '0107'),
('010705', 'JAMALCA', '0107'),
('010706', 'LONYA GRANDE', '0107'),
('010707', 'YAMON', '0107'),
('020101', 'HUARAZ', '0201'),
('020102', 'COCHABAMBA', '0201'),
('020103', 'COLCABAMBA', '0201'),
('020104', 'HUANCHAY', '0201'),
('020105', 'INDEPENDENCIA', '0201'),
('020106', 'JANGAS', '0201'),
('020107', 'LA LIBERTAD', '0201'),
('020108', 'OLLEROS', '0201'),
('020109', 'PAMPAS GRANDE', '0201'),
('020110', 'PARIACOTO', '0201'),
('020111', 'PIRA', '0201'),
('020112', 'TARICA', '0201'),
('020201', 'AIJA', '0202'),
('020202', 'CORIS', '0202'),
('020203', 'HUACLLAN', '0202'),
('020204', 'LA MERCED', '0202'),
('020205', 'SUCCHA', '0202'),
('020301', 'LLAMELLIN', '0203'),
('020302', 'ACZO', '0203'),
('020303', 'CHACCHO', '0203'),
('020304', 'CHINGAS', '0203'),
('020305', 'MIRGAS', '0203'),
('020306', 'SAN JUAN DE RONTOY', '0203'),
('020401', 'CHACAS', '0204'),
('020402', 'ACOCHACA', '0204'),
('020501', 'CHIQUIAN', '0205'),
('020502', 'ABELARDO PARDO LEZAMETA', '0205'),
('020503', 'ANTONIO RAYMONDI', '0205'),
('020504', 'AQUIA', '0205'),
('020505', 'CAJACAY', '0205'),
('020506', 'CANIS', '0205'),
('020507', 'COLQUIOC', '0205'),
('020508', 'HUALLANCA', '0205'),
('020509', 'HUASTA', '0205'),
('020510', 'HUAYLLACAYAN', '0205'),
('020511', 'LA PRIMAVERA', '0205'),
('020512', 'MANGAS', '0205'),
('020513', 'PACLLON', '0205'),
('020514', 'SAN MIGUEL DE CORPANQUI', '0205'),
('020515', 'TICLLOS', '0205'),
('020601', 'CARHUAZ', '0206'),
('020602', 'ACOPAMPA', '0206'),
('020603', 'AMASHCA', '0206'),
('020604', 'ANTA', '0206'),
('020605', 'ATAQUERO', '0206'),
('020606', 'MARCARA', '0206'),
('020607', 'PARIAHUANCA', '0206'),
('020608', 'SAN MIGUEL DE ACO', '0206'),
('020609', 'SHILLA', '0206'),
('020610', 'TINCO', '0206'),
('020611', 'YUNGAR', '0206'),
('020701', 'SAN LUIS', '0207'),
('020702', 'SAN NICOLÁS', '0207'),
('020703', 'YAUYA', '0207'),
('020801', 'CASMA', '0208'),
('020802', 'BUENA VISTA ALTA', '0208'),
('020803', 'COMANDANTE NOEL', '0208'),
('020804', 'YAUTAN', '0208'),
('020901', 'CORONGO', '0209'),
('020902', 'ACO', '0209'),
('020903', 'BAMBAS', '0209'),
('020904', 'CUSCA', '0209'),
('020905', 'LA PAMPA', '0209'),
('020906', 'YANAC', '0209'),
('020907', 'YUPAN', '0209'),
('021001', 'HUARI', '0210'),
('021002', 'ANRA', '0210'),
('021003', 'CAJAY', '0210'),
('021004', 'CHAVIN DE HUANTAR', '0210'),
('021005', 'HUACACHI', '0210'),
('021006', 'HUACCHIS', '0210'),
('021007', 'HUACHIS', '0210'),
('021008', 'HUANTAR', '0210'),
('021009', 'MASIN', '0210'),
('021010', 'PAUCAS', '0210'),
('021011', 'PONTO', '0210'),
('021012', 'RAHUAPAMPA', '0210'),
('021013', 'RAPAYAN', '0210'),
('021014', 'SAN MARCOS', '0210'),
('021015', 'SAN PEDRO DE CHANA', '0210'),
('021016', 'UCO', '0210'),
('021101', 'HUARMEY', '0211'),
('021102', 'COCHAPETI', '0211'),
('021103', 'CULEBRAS', '0211'),
('021104', 'HUAYAN', '0211'),
('021105', 'MALVAS', '0211'),
('021201', 'CARAZ', '0212'),
('021202', 'HUALLANCA', '0212'),
('021203', 'HUATA', '0212'),
('021204', 'HUAYLAS', '0212'),
('021205', 'MATO', '0212'),
('021206', 'PAMPAROMAS', '0212'),
('021207', 'PUEBLO LIBRE', '0212'),
('021208', 'SANTA CRUZ', '0212'),
('021209', 'SANTO TORIBIO', '0212'),
('021210', 'YURACMARCA', '0212'),
('021301', 'PISCOBAMBA', '0213'),
('021302', 'CASCA', '0213'),
('021303', 'ELEAZAR GUZMÁN BARRON', '0213'),
('021304', 'FIDEL OLIVAS ESCUDERO', '0213'),
('021305', 'LLAMA', '0213'),
('021306', 'LLUMPA', '0213'),
('021307', 'LUCMA', '0213'),
('021308', 'MUSGA', '0213'),
('021401', 'OCROS', '0214'),
('021402', 'ACAS', '0214'),
('021403', 'CAJAMARQUILLA', '0214'),
('021404', 'CARHUAPAMPA', '0214'),
('021405', 'COCHAS', '0214'),
('021406', 'CONGAS', '0214'),
('021407', 'LLIPA', '0214'),
('021408', 'SAN CRISTÓBAL DE RAJAN', '0214'),
('021409', 'SAN PEDRO', '0214'),
('021410', 'SANTIAGO DE CHILCAS', '0214'),
('021501', 'CABANA', '0215'),
('021502', 'BOLOGNESI', '0215'),
('021503', 'CONCHUCOS', '0215'),
('021504', 'HUACASCHUQUE', '0215'),
('021505', 'HUANDOVAL', '0215'),
('021506', 'LACABAMBA', '0215'),
('021507', 'LLAPO', '0215'),
('021508', 'PALLASCA', '0215'),
('021509', 'PAMPAS', '0215'),
('021510', 'SANTA ROSA', '0215'),
('021511', 'TAUCA', '0215'),
('021601', 'POMABAMBA', '0216'),
('021602', 'HUAYLLAN', '0216'),
('021603', 'PAROBAMBA', '0216'),
('021604', 'QUINUABAMBA', '0216'),
('021701', 'RECUAY', '0217'),
('021702', 'CATAC', '0217'),
('021703', 'COTAPARACO', '0217'),
('021704', 'HUAYLLAPAMPA', '0217'),
('021705', 'LLACLLIN', '0217'),
('021706', 'MARCA', '0217'),
('021707', 'PAMPAS CHICO', '0217'),
('021708', 'PARARIN', '0217'),
('021709', 'TAPACOCHA', '0217'),
('021710', 'TICAPAMPA', '0217'),
('021801', 'CHIMBOTE', '0218'),
('021802', 'CÁCERES DEL PERÚ', '0218'),
('021803', 'COISHCO', '0218'),
('021804', 'MACATE', '0218'),
('021805', 'MORO', '0218'),
('021806', 'NEPEÑA', '0218'),
('021807', 'SAMANCO', '0218'),
('021808', 'SANTA', '0218'),
('021809', 'NUEVO CHIMBOTE', '0218'),
('021901', 'SIHUAS', '0219'),
('021902', 'ACOBAMBA', '0219'),
('021903', 'ALFONSO UGARTE', '0219'),
('021904', 'CASHAPAMPA', '0219'),
('021905', 'CHINGALPO', '0219'),
('021906', 'HUAYLLABAMBA', '0219'),
('021907', 'QUICHES', '0219'),
('021908', 'RAGASH', '0219'),
('021909', 'SAN JUAN', '0219'),
('021910', 'SICSIBAMBA', '0219'),
('022001', 'YUNGAY', '0220'),
('022002', 'CASCAPARA', '0220'),
('022003', 'MANCOS', '0220'),
('022004', 'MATACOTO', '0220'),
('022005', 'QUILLO', '0220'),
('022006', 'RANRAHIRCA', '0220'),
('022007', 'SHUPLUY', '0220'),
('022008', 'YANAMA', '0220'),
('030101', 'ABANCAY', '0301'),
('030102', 'CHACOCHE', '0301'),
('030103', 'CIRCA', '0301'),
('030104', 'CURAHUASI', '0301'),
('030105', 'HUANIPACA', '0301'),
('030106', 'LAMBRAMA', '0301'),
('030107', 'PICHIRHUA', '0301'),
('030108', 'SAN PEDRO DE CACHORA', '0301'),
('030109', 'TAMBURCO', '0301'),
('030201', 'ANDAHUAYLAS', '0302'),
('030202', 'ANDARAPA', '0302'),
('030203', 'CHIARA', '0302'),
('030204', 'HUANCARAMA', '0302'),
('030205', 'HUANCARAY', '0302'),
('030206', 'HUAYANA', '0302'),
('030207', 'KISHUARA', '0302'),
('030208', 'PACOBAMBA', '0302'),
('030209', 'PACUCHA', '0302'),
('030210', 'PAMPACHIRI', '0302'),
('030211', 'POMACOCHA', '0302'),
('030212', 'SAN ANTONIO DE CACHI', '0302'),
('030213', 'SAN JERÓNIMO', '0302'),
('030214', 'SAN MIGUEL DE CHACCRAMPA', '0302'),
('030215', 'SANTA MARÍA DE CHICMO', '0302'),
('030216', 'TALAVERA', '0302'),
('030217', 'TUMAY HUARACA', '0302'),
('030218', 'TURPO', '0302'),
('030219', 'KAQUIABAMBA', '0302'),
('030220', 'JOSÉ MARÍA ARGUEDAS', '0302'),
('030301', 'ANTABAMBA', '0303'),
('030302', 'EL ORO', '0303'),
('030303', 'HUAQUIRCA', '0303'),
('030304', 'JUAN ESPINOZA MEDRANO', '0303'),
('030305', 'OROPESA', '0303'),
('030306', 'PACHACONAS', '0303'),
('030307', 'SABAINO', '0303'),
('030401', 'CHALHUANCA', '0304'),
('030402', 'CAPAYA', '0304'),
('030403', 'CARAYBAMBA', '0304'),
('030404', 'CHAPIMARCA', '0304'),
('030405', 'COLCABAMBA', '0304'),
('030406', 'COTARUSE', '0304'),
('030407', 'IHUAYLLO', '0304'),
('030408', 'JUSTO APU SAHUARAURA', '0304'),
('030409', 'LUCRE', '0304'),
('030410', 'POCOHUANCA', '0304'),
('030411', 'SAN JUAN DE CHACÑA', '0304'),
('030412', 'SAÑAYCA', '0304'),
('030413', 'SORAYA', '0304'),
('030414', 'TAPAIRIHUA', '0304'),
('030415', 'TINTAY', '0304'),
('030416', 'TORAYA', '0304'),
('030417', 'YANACA', '0304'),
('030501', 'TAMBOBAMBA', '0305'),
('030502', 'COTABAMBAS', '0305'),
('030503', 'COYLLURQUI', '0305'),
('030504', 'HAQUIRA', '0305'),
('030505', 'MARA', '0305'),
('030506', 'CHALLHUAHUACHO', '0305'),
('030601', 'CHINCHEROS', '0306'),
('030602', 'ANCO_HUALLO', '0306'),
('030603', 'COCHARCAS', '0306'),
('030604', 'HUACCANA', '0306'),
('030605', 'OCOBAMBA', '0306'),
('030606', 'ONGOY', '0306'),
('030607', 'URANMARCA', '0306'),
('030608', 'RANRACANCHA', '0306'),
('030609', 'ROCCHACC', '0306'),
('030610', 'EL PORVENIR', '0306'),
('030611', 'LOS CHANKAS', '0306'),
('030701', 'CHUQUIBAMBILLA', '0307'),
('030702', 'CURPAHUASI', '0307'),
('030703', 'GAMARRA', '0307'),
('030704', 'HUAYLLATI', '0307'),
('030705', 'MAMARA', '0307'),
('030706', 'MICAELA BASTIDAS', '0307'),
('030707', 'PATAYPAMPA', '0307'),
('030708', 'PROGRESO', '0307'),
('030709', 'SAN ANTONIO', '0307'),
('030710', 'SANTA ROSA', '0307'),
('030711', 'TURPAY', '0307'),
('030712', 'VILCABAMBA', '0307'),
('030713', 'VIRUNDO', '0307'),
('030714', 'CURASCO', '0307'),
('040101', 'AREQUIPA', '0401'),
('040102', 'ALTO SELVA ALEGRE', '0401'),
('040103', 'CAYMA', '0401'),
('040104', 'CERRO COLORADO', '0401'),
('040105', 'CHARACATO', '0401'),
('040106', 'CHIGUATA', '0401'),
('040107', 'JACOBO HUNTER', '0401'),
('040108', 'LA JOYA', '0401'),
('040109', 'MARIANO MELGAR', '0401'),
('040110', 'MIRAFLORES', '0401'),
('040111', 'MOLLEBAYA', '0401'),
('040112', 'PAUCARPATA', '0401'),
('040113', 'POCSI', '0401'),
('040114', 'POLOBAYA', '0401'),
('040115', 'QUEQUEÑA', '0401'),
('040116', 'SABANDIA', '0401'),
('040117', 'SACHACA', '0401'),
('040118', 'SAN JUAN DE SIGUAS', '0401'),
('040119', 'SAN JUAN DE TARUCANI', '0401'),
('040120', 'SANTA ISABEL DE SIGUAS', '0401'),
('040121', 'SANTA RITA DE SIGUAS', '0401'),
('040122', 'SOCABAYA', '0401'),
('040123', 'TIABAYA', '0401'),
('040124', 'UCHUMAYO', '0401'),
('040125', 'VITOR', '0401'),
('040126', 'YANAHUARA', '0401'),
('040127', 'YARABAMBA', '0401'),
('040128', 'YURA', '0401'),
('040129', 'JOSÉ LUIS BUSTAMANTE Y RIVERO', '0401'),
('040201', 'CAMANÁ', '0402'),
('040202', 'JOSÉ MARÍA QUIMPER', '0402'),
('040203', 'MARIANO NICOLÁS VALCÁRCEL', '0402'),
('040204', 'MARISCAL CÁCERES', '0402'),
('040205', 'NICOLÁS DE PIEROLA', '0402'),
('040206', 'OCOÑA', '0402'),
('040207', 'QUILCA', '0402'),
('040208', 'SAMUEL PASTOR', '0402'),
('040301', 'CARAVELÍ', '0403'),
('040302', 'ACARÍ', '0403'),
('040303', 'ATICO', '0403'),
('040304', 'ATIQUIPA', '0403'),
('040305', 'BELLA UNIÓN', '0403'),
('040306', 'CAHUACHO', '0403'),
('040307', 'CHALA', '0403'),
('040308', 'CHAPARRA', '0403'),
('040309', 'HUANUHUANU', '0403'),
('040310', 'JAQUI', '0403'),
('040311', 'LOMAS', '0403'),
('040312', 'QUICACHA', '0403'),
('040313', 'YAUCA', '0403'),
('040401', 'APLAO', '0404'),
('040402', 'ANDAGUA', '0404'),
('040403', 'AYO', '0404'),
('040404', 'CHACHAS', '0404'),
('040405', 'CHILCAYMARCA', '0404'),
('040406', 'CHOCO', '0404'),
('040407', 'HUANCARQUI', '0404'),
('040408', 'MACHAGUAY', '0404'),
('040409', 'ORCOPAMPA', '0404'),
('040410', 'PAMPACOLCA', '0404'),
('040411', 'TIPAN', '0404'),
('040412', 'UÑON', '0404'),
('040413', 'URACA', '0404'),
('040414', 'VIRACO', '0404'),
('040501', 'CHIVAY', '0405'),
('040502', 'ACHOMA', '0405'),
('040503', 'CABANACONDE', '0405'),
('040504', 'CALLALLI', '0405'),
('040505', 'CAYLLOMA', '0405'),
('040506', 'COPORAQUE', '0405'),
('040507', 'HUAMBO', '0405'),
('040508', 'HUANCA', '0405'),
('040509', 'ICHUPAMPA', '0405'),
('040510', 'LARI', '0405'),
('040511', 'LLUTA', '0405'),
('040512', 'MACA', '0405'),
('040513', 'MADRIGAL', '0405'),
('040514', 'SAN ANTONIO DE CHUCA', '0405'),
('040515', 'SIBAYO', '0405'),
('040516', 'TAPAY', '0405'),
('040517', 'TISCO', '0405'),
('040518', 'TUTI', '0405'),
('040519', 'YANQUE', '0405'),
('040520', 'MAJES', '0405'),
('040601', 'CHUQUIBAMBA', '0406'),
('040602', 'ANDARAY', '0406'),
('040603', 'CAYARANI', '0406'),
('040604', 'CHICHAS', '0406'),
('040605', 'IRAY', '0406'),
('040606', 'RÍO GRANDE', '0406'),
('040607', 'SALAMANCA', '0406'),
('040608', 'YANAQUIHUA', '0406'),
('040701', 'MOLLENDO', '0407'),
('040702', 'COCACHACRA', '0407'),
('040703', 'DEAN VALDIVIA', '0407'),
('040704', 'ISLAY', '0407'),
('040705', 'MEJIA', '0407'),
('040706', 'PUNTA DE BOMBÓN', '0407'),
('040801', 'COTAHUASI', '0408'),
('040802', 'ALCA', '0408'),
('040803', 'CHARCANA', '0408'),
('040804', 'HUAYNACOTAS', '0408'),
('040805', 'PAMPAMARCA', '0408'),
('040806', 'PUYCA', '0408'),
('040807', 'QUECHUALLA', '0408'),
('040808', 'SAYLA', '0408'),
('040809', 'TAURIA', '0408'),
('040810', 'TOMEPAMPA', '0408'),
('040811', 'TORO', '0408'),
('050101', 'AYACUCHO', '0501'),
('050102', 'ACOCRO', '0501'),
('050103', 'ACOS VINCHOS', '0501'),
('050104', 'CARMEN ALTO', '0501'),
('050105', 'CHIARA', '0501'),
('050106', 'OCROS', '0501'),
('050107', 'PACAYCASA', '0501'),
('050108', 'QUINUA', '0501'),
('050109', 'SAN JOSÉ DE TICLLAS', '0501'),
('050110', 'SAN JUAN BAUTISTA', '0501'),
('050111', 'SANTIAGO DE PISCHA', '0501'),
('050112', 'SOCOS', '0501'),
('050113', 'TAMBILLO', '0501'),
('050114', 'VINCHOS', '0501'),
('050115', 'JESÚS NAZARENO', '0501'),
('050116', 'ANDRÉS AVELINO CÁCERES DORREGARAY', '0501'),
('050201', 'CANGALLO', '0502'),
('050202', 'CHUSCHI', '0502'),
('050203', 'LOS MOROCHUCOS', '0502'),
('050204', 'MARÍA PARADO DE BELLIDO', '0502'),
('050205', 'PARAS', '0502'),
('050206', 'TOTOS', '0502'),
('050301', 'SANCOS', '0503'),
('050302', 'CARAPO', '0503'),
('050303', 'SACSAMARCA', '0503'),
('050304', 'SANTIAGO DE LUCANAMARCA', '0503'),
('050401', 'HUANTA', '0504'),
('050402', 'AYAHUANCO', '0504'),
('050403', 'HUAMANGUILLA', '0504'),
('050404', 'IGUAIN', '0504'),
('050405', 'LURICOCHA', '0504'),
('050406', 'SANTILLANA', '0504'),
('050407', 'SIVIA', '0504'),
('050408', 'LLOCHEGUA', '0504'),
('050409', 'CANAYRE', '0504'),
('050410', 'UCHURACCAY', '0504'),
('050411', 'PUCACOLPA', '0504'),
('050412', 'CHACA', '0504'),
('050501', 'SAN MIGUEL - LA MAR', '0505'),
('050502', 'ANCO', '0505'),
('050503', 'AYNA', '0505'),
('050504', 'CHILCAS', '0505'),
('050505', 'CHUNGUI', '0505'),
('050506', 'LUIS CARRANZA', '0505'),
('050507', 'SANTA ROSA', '0505'),
('050508', 'TAMBO', '0505'),
('050509', 'SAMUGARI', '0505'),
('050510', 'ANCHIHUAY', '0505'),
('050511', 'ORONCCOY', '0505'),
('050601', 'PUQUIO', '0506'),
('050602', 'AUCARA', '0506'),
('050603', 'CABANA', '0506'),
('050604', 'CARMEN SALCEDO', '0506'),
('050605', 'CHAVIÑA', '0506'),
('050606', 'CHIPAO', '0506'),
('050607', 'HUAC-HUAS', '0506'),
('050608', 'LARAMATE', '0506'),
('050609', 'LEONCIO PRADO', '0506'),
('050610', 'LLAUTA', '0506'),
('050611', 'LUCANAS', '0506'),
('050612', 'OCAÑA', '0506'),
('050613', 'OTOCA', '0506'),
('050614', 'SAISA', '0506'),
('050615', 'SAN CRISTÓBAL', '0506'),
('050616', 'SAN JUAN', '0506'),
('050617', 'SAN PEDRO', '0506'),
('050618', 'SAN PEDRO DE PALCO', '0506'),
('050619', 'SANCOS', '0506'),
('050620', 'SANTA ANA DE HUAYCAHUACHO', '0506'),
('050621', 'SANTA LUCIA', '0506'),
('050701', 'CORACORA', '0507'),
('050702', 'CHUMPI', '0507'),
('050703', 'CORONEL CASTAÑEDA', '0507'),
('050704', 'PACAPAUSA', '0507'),
('050705', 'PULLO', '0507'),
('050706', 'PUYUSCA', '0507'),
('050707', 'SAN FRANCISCO DE RAVACAYCO', '0507'),
('050708', 'UPAHUACHO', '0507'),
('050801', 'PAUSA', '0508'),
('050802', 'COLTA', '0508'),
('050803', 'CORCULLA', '0508'),
('050804', 'LAMPA', '0508'),
('050805', 'MARCABAMBA', '0508'),
('050806', 'OYOLO', '0508'),
('050807', 'PARARCA', '0508'),
('050808', 'SAN JAVIER DE ALPABAMBA', '0508'),
('050809', 'SAN JOSÉ DE USHUA', '0508'),
('050810', 'SARA SARA', '0508'),
('050901', 'QUEROBAMBA', '0509'),
('050902', 'BELÉN', '0509'),
('050903', 'CHALCOS', '0509'),
('050904', 'CHILCAYOC', '0509'),
('050905', 'HUACAÑA', '0509'),
('050906', 'MORCOLLA', '0509'),
('050907', 'PAICO', '0509'),
('050908', 'SAN PEDRO DE LARCAY', '0509'),
('050909', 'SAN SALVADOR DE QUIJE', '0509'),
('050910', 'SANTIAGO DE PAUCARAY', '0509'),
('050911', 'SORAS', '0509'),
('051001', 'HUANCAPI', '0510'),
('051002', 'ALCAMENCA', '0510'),
('051003', 'APONGO', '0510'),
('051004', 'ASQUIPATA', '0510'),
('051005', 'CANARIA', '0510'),
('051006', 'CAYARA', '0510'),
('051007', 'COLCA', '0510'),
('051008', 'HUAMANQUIQUIA', '0510'),
('051009', 'HUANCARAYLLA', '0510'),
('051010', 'HUAYA', '0510'),
('051011', 'SARHUA', '0510'),
('051012', 'VILCANCHOS', '0510'),
('051101', 'VILCAS HUAMAN', '0511'),
('051102', 'ACCOMARCA', '0511'),
('051103', 'CARHUANCA', '0511'),
('051104', 'CONCEPCIÓN', '0511'),
('051105', 'HUAMBALPA', '0511'),
('051106', 'INDEPENDENCIA', '0511'),
('051107', 'SAURAMA', '0511'),
('051108', 'VISCHONGO', '0511'),
('060101', 'CAJAMARCA', '0601'),
('060102', 'ASUNCIÓN', '0601'),
('060103', 'CHETILLA', '0601'),
('060104', 'COSPAN', '0601'),
('060105', 'ENCAÑADA', '0601'),
('060106', 'JESÚS', '0601'),
('060107', 'LLACANORA', '0601'),
('060108', 'LOS BAÑOS DEL INCA', '0601'),
('060109', 'MAGDALENA', '0601'),
('060110', 'MATARA', '0601'),
('060111', 'NAMORA', '0601'),
('060112', 'SAN JUAN', '0601'),
('060201', 'CAJABAMBA', '0602'),
('060202', 'CACHACHI', '0602'),
('060203', 'CONDEBAMBA', '0602'),
('060204', 'SITACOCHA', '0602'),
('060301', 'CELENDÍN', '0603'),
('060302', 'CHUMUCH', '0603'),
('060303', 'CORTEGANA', '0603'),
('060304', 'HUASMIN', '0603'),
('060305', 'JORGE CHÁVEZ', '0603'),
('060306', 'JOSÉ GÁLVEZ', '0603'),
('060307', 'MIGUEL IGLESIAS', '0603'),
('060308', 'OXAMARCA', '0603'),
('060309', 'SOROCHUCO', '0603'),
('060310', 'SUCRE', '0603'),
('060311', 'UTCO', '0603'),
('060312', 'LA LIBERTAD DE PALLAN', '0603'),
('060401', 'CHOTA', '0604'),
('060402', 'ANGUIA', '0604'),
('060403', 'CHADIN', '0604'),
('060404', 'CHIGUIRIP', '0604'),
('060405', 'CHIMBAN', '0604'),
('060406', 'CHOROPAMPA', '0604'),
('060407', 'COCHABAMBA', '0604'),
('060408', 'CONCHAN', '0604'),
('060409', 'HUAMBOS', '0604'),
('060410', 'LAJAS', '0604'),
('060411', 'LLAMA', '0604'),
('060412', 'MIRACOSTA', '0604'),
('060413', 'PACCHA', '0604'),
('060414', 'PION', '0604'),
('060415', 'QUEROCOTO', '0604'),
('060416', 'SAN JUAN DE LICUPIS', '0604'),
('060417', 'TACABAMBA', '0604'),
('060418', 'TOCMOCHE', '0604'),
('060419', 'CHALAMARCA', '0604'),
('060501', 'CONTUMAZA', '0605'),
('060502', 'CHILETE', '0605'),
('060503', 'CUPISNIQUE', '0605'),
('060504', 'GUZMANGO', '0605'),
('060505', 'SAN BENITO', '0605'),
('060506', 'SANTA CRUZ DE TOLEDO', '0605'),
('060507', 'TANTARICA', '0605'),
('060508', 'YONAN', '0605'),
('060601', 'CUTERVO', '0606'),
('060602', 'CALLAYUC', '0606'),
('060603', 'CHOROS', '0606'),
('060604', 'CUJILLO', '0606'),
('060605', 'LA RAMADA', '0606'),
('060606', 'PIMPINGOS', '0606'),
('060607', 'QUEROCOTILLO', '0606'),
('060608', 'SAN ANDRÉS DE CUTERVO', '0606'),
('060609', 'SAN JUAN DE CUTERVO', '0606'),
('060610', 'SAN LUIS DE LUCMA', '0606'),
('060611', 'SANTA CRUZ', '0606'),
('060612', 'SANTO DOMINGO DE LA CAPILLA', '0606'),
('060613', 'SANTO TOMAS', '0606'),
('060614', 'SOCOTA', '0606'),
('060615', 'TORIBIO CASANOVA', '0606'),
('060701', 'BAMBAMARCA', '0607'),
('060702', 'CHUGUR', '0607'),
('060703', 'HUALGAYOC', '0607'),
('060801', 'JAÉN', '0608'),
('060802', 'BELLAVISTA - JAÉN', '0608'),
('060803', 'CHONTALI', '0608'),
('060804', 'COLASAY', '0608'),
('060805', 'HUABAL', '0608'),
('060806', 'LAS PIRIAS', '0608'),
('060807', 'POMAHUACA', '0608'),
('060808', 'PUCARA', '0608'),
('060809', 'SALLIQUE', '0608'),
('060810', 'SAN FELIPE', '0608'),
('060811', 'SAN JOSÉ DEL ALTO', '0608'),
('060812', 'SANTA ROSA', '0608'),
('060901', 'SAN IGNACIO', '0609'),
('060902', 'CHIRINOS', '0609'),
('060903', 'HUARANGO', '0609'),
('060904', 'LA COIPA', '0609'),
('060905', 'NAMBALLE', '0609'),
('060906', 'SAN JOSÉ DE LOURDES', '0609'),
('060907', 'TABACONAS', '0609'),
('061001', 'PEDRO GÁLVEZ', '0610'),
('061002', 'CHANCAY', '0610'),
('061003', 'EDUARDO VILLANUEVA', '0610'),
('061004', 'GREGORIO PITA', '0610'),
('061005', 'ICHOCAN', '0610'),
('061006', 'JOSÉ MANUEL QUIROZ', '0610'),
('061007', 'JOSÉ SABOGAL', '0610'),
('061101', 'SAN MIGUEL - CAJAMARCA', '0611'),
('061102', 'BOLÍVAR', '0611'),
('061103', 'CALQUIS', '0611'),
('061104', 'CATILLUC', '0611'),
('061105', 'EL PRADO', '0611'),
('061106', 'LA FLORIDA', '0611'),
('061107', 'LLAPA', '0611'),
('061108', 'NANCHOC', '0611'),
('061109', 'NIEPOS', '0611'),
('061110', 'SAN GREGORIO', '0611'),
('061111', 'SAN SILVESTRE DE COCHAN', '0611'),
('061112', 'TONGOD', '0611'),
('061113', 'UNIÓN AGUA BLANCA', '0611'),
('061201', 'SAN PABLO', '0612'),
('061202', 'SAN BERNARDINO', '0612'),
('061203', 'SAN LUIS', '0612'),
('061204', 'TUMBADEN', '0612'),
('061301', 'SANTA CRUZ', '0613'),
('061302', 'ANDABAMBA', '0613'),
('061303', 'CATACHE', '0613'),
('061304', 'CHANCAYBAÑOS', '0613'),
('061305', 'LA ESPERANZA', '0613'),
('061306', 'NINABAMBA', '0613'),
('061307', 'PULAN', '0613'),
('061308', 'SAUCEPAMPA', '0613'),
('061309', 'SEXI', '0613'),
('061310', 'UTICYACU', '0613'),
('061311', 'YAUYUCAN', '0613'),
('070101', 'CALLAO', '0701'),
('070102', 'BELLAVISTA - CALLAO', '0701'),
('070103', 'CARMEN DE LA LEGUA REYNOSO', '0701'),
('070104', 'LA PERLA', '0701'),
('070105', 'LA PUNTA', '0701'),
('070106', 'VENTANILLA', '0701'),
('070107', 'MI PERÚ', '0701'),
('080101', 'CUSCO', '0801'),
('080102', 'CCORCA', '0801'),
('080103', 'POROY', '0801'),
('080104', 'SAN JERÓNIMO - CUSCO', '0801'),
('080105', 'SAN SEBASTIAN', '0801'),
('080106', 'SANTIAGO', '0801'),
('080107', 'SAYLLA', '0801'),
('080108', 'WANCHAQ', '0801'),
('080201', 'ACOMAYO', '0802'),
('080202', 'ACOPIA', '0802'),
('080203', 'ACOS', '0802'),
('080204', 'MOSOC LLACTA', '0802'),
('080205', 'POMACANCHI', '0802'),
('080206', 'RONDOCAN', '0802'),
('080207', 'SANGARARA', '0802'),
('080301', 'ANTA', '0803'),
('080302', 'ANCAHUASI', '0803'),
('080303', 'CACHIMAYO', '0803'),
('080304', 'CHINCHAYPUJIO', '0803'),
('080305', 'HUAROCONDO', '0803'),
('080306', 'LIMATAMBO', '0803'),
('080307', 'MOLLEPATA', '0803'),
('080308', 'PUCYURA', '0803'),
('080309', 'ZURITE', '0803'),
('080401', 'CALCA', '0804'),
('080402', 'COYA', '0804'),
('080403', 'LAMAY', '0804'),
('080404', 'LARES', '0804'),
('080405', 'PISAC', '0804'),
('080406', 'SAN SALVADOR', '0804'),
('080407', 'TARAY', '0804'),
('080408', 'YANATILE', '0804'),
('080501', 'YANAOCA', '0805'),
('080502', 'CHECCA', '0805'),
('080503', 'KUNTURKANKI', '0805'),
('080504', 'LANGUI', '0805'),
('080505', 'LAYO', '0805'),
('080506', 'PAMPAMARCA', '0805'),
('080507', 'QUEHUE', '0805'),
('080508', 'TUPAC AMARU', '0805'),
('080601', 'SICUANI', '0806'),
('080602', 'CHECACUPE', '0806'),
('080603', 'COMBAPATA', '0806'),
('080604', 'MARANGANI', '0806'),
('080605', 'PITUMARCA', '0806'),
('080606', 'SAN PABLO', '0806'),
('080607', 'SAN PEDRO', '0806'),
('080608', 'TINTA', '0806'),
('080701', 'SANTO TOMAS', '0807'),
('080702', 'CAPACMARCA', '0807'),
('080703', 'CHAMACA', '0807'),
('080704', 'COLQUEMARCA', '0807'),
('080705', 'LIVITACA', '0807'),
('080706', 'LLUSCO', '0807'),
('080707', 'QUIÑOTA', '0807'),
('080708', 'VELILLE', '0807'),
('080801', 'ESPINAR', '0808'),
('080802', 'CONDOROMA', '0808'),
('080803', 'COPORAQUE', '0808'),
('080804', 'OCORURO', '0808'),
('080805', 'PALLPATA', '0808'),
('080806', 'PICHIGUA', '0808'),
('080807', 'SUYCKUTAMBO', '0808'),
('080808', 'ALTO PICHIGUA', '0808'),
('080901', 'SANTA ANA', '0809'),
('080902', 'ECHARATE', '0809'),
('080903', 'HUAYOPATA', '0809'),
('080904', 'MARANURA', '0809'),
('080905', 'OCOBAMBA', '0809'),
('080906', 'QUELLOUNO', '0809'),
('080907', 'KIMBIRI', '0809'),
('080908', 'SANTA TERESA', '0809'),
('080909', 'VILCABAMBA', '0809'),
('080910', 'PICHARI', '0809'),
('080911', 'INKAWASI', '0809'),
('080912', 'VILLA VIRGEN', '0809'),
('080913', 'VILLA KINTIARINA', '0809'),
('080914', 'MEGANTONI', '0809'),
('081001', 'PARURO', '0810'),
('081002', 'ACCHA', '0810'),
('081003', 'CCAPI', '0810'),
('081004', 'COLCHA', '0810'),
('081005', 'HUANOQUITE', '0810'),
('081006', 'OMACHA', '0810'),
('081007', 'PACCARITAMBO', '0810'),
('081008', 'PILLPINTO', '0810'),
('081009', 'YAURISQUE', '0810'),
('081101', 'PAUCARTAMBO', '0811'),
('081102', 'CAICAY', '0811'),
('081103', 'CHALLABAMBA', '0811'),
('081104', 'COLQUEPATA', '0811'),
('081105', 'HUANCARANI', '0811'),
('081106', 'KOSÑIPATA', '0811'),
('081201', 'URCOS', '0812'),
('081202', 'ANDAHUAYLILLAS', '0812'),
('081203', 'CAMANTI', '0812'),
('081204', 'CCARHUAYO', '0812'),
('081205', 'CCATCA', '0812'),
('081206', 'CUSIPATA', '0812'),
('081207', 'HUARO', '0812'),
('081208', 'LUCRE', '0812'),
('081209', 'MARCAPATA', '0812'),
('081210', 'OCONGATE', '0812'),
('081211', 'OROPESA', '0812'),
('081212', 'QUIQUIJANA', '0812'),
('081301', 'URUBAMBA', '0813'),
('081302', 'CHINCHERO', '0813'),
('081303', 'HUAYLLABAMBA', '0813'),
('081304', 'MACHUPICCHU', '0813'),
('081305', 'MARAS', '0813'),
('081306', 'OLLANTAYTAMBO', '0813'),
('081307', 'YUCAY', '0813'),
('090101', 'HUANCAVELICA', '0901'),
('090102', 'ACOBAMBILLA', '0901'),
('090103', 'ACORIA', '0901'),
('090104', 'CONAYCA', '0901'),
('090105', 'CUENCA', '0901'),
('090106', 'HUACHOCOLPA', '0901'),
('090107', 'HUAYLLAHUARA', '0901'),
('090108', 'IZCUCHACA', '0901'),
('090109', 'LARIA', '0901'),
('090110', 'MANTA', '0901'),
('090111', 'MARISCAL CÁCERES', '0901'),
('090112', 'MOYA', '0901'),
('090113', 'NUEVO OCCORO', '0901'),
('090114', 'PALCA', '0901'),
('090115', 'PILCHACA', '0901'),
('090116', 'VILCA', '0901'),
('090117', 'YAULI', '0901'),
('090118', 'ASCENSIÓN', '0901'),
('090119', 'HUANDO', '0901'),
('090201', 'ACOBAMBA', '0902'),
('090202', 'ANDABAMBA', '0902'),
('090203', 'ANTA', '0902'),
('090204', 'CAJA', '0902'),
('090205', 'MARCAS', '0902'),
('090206', 'PAUCARA', '0902'),
('090207', 'POMACOCHA', '0902'),
('090208', 'ROSARIO', '0902'),
('090301', 'LIRCAY', '0903'),
('090302', 'ANCHONGA', '0903'),
('090303', 'CALLANMARCA', '0903'),
('090304', 'CCOCHACCASA', '0903'),
('090305', 'CHINCHO', '0903'),
('090306', 'CONGALLA', '0903'),
('090307', 'HUANCA-HUANCA', '0903'),
('090308', 'HUAYLLAY GRANDE', '0903'),
('090309', 'JULCAMARCA', '0903'),
('090310', 'SAN ANTONIO DE ANTAPARCO', '0903'),
('090311', 'SANTO TOMAS DE PATA', '0903'),
('090312', 'SECCLLA', '0903'),
('090401', 'CASTROVIRREYNA', '0904'),
('090402', 'ARMA', '0904'),
('090403', 'AURAHUA', '0904'),
('090404', 'CAPILLAS', '0904'),
('090405', 'CHUPAMARCA', '0904'),
('090406', 'COCAS', '0904'),
('090407', 'HUACHOS', '0904'),
('090408', 'HUAMATAMBO', '0904'),
('090409', 'MOLLEPAMPA', '0904'),
('090410', 'SAN JUAN', '0904'),
('090411', 'SANTA ANA', '0904'),
('090412', 'TANTARA', '0904'),
('090413', 'TICRAPO', '0904'),
('090501', 'CHURCAMPA', '0905'),
('090502', 'ANCO', '0905'),
('090503', 'CHINCHIHUASI', '0905'),
('090504', 'EL CARMEN', '0905'),
('090505', 'LA MERCED', '0905'),
('090506', 'LOCROJA', '0905'),
('090507', 'PAUCARBAMBA', '0905'),
('090508', 'SAN MIGUEL DE MAYOCC', '0905'),
('090509', 'SAN PEDRO DE CORIS', '0905'),
('090510', 'PACHAMARCA', '0905'),
('090511', 'COSME', '0905'),
('090601', 'HUAYTARA', '0906'),
('090602', 'AYAVI', '0906'),
('090603', 'CÓRDOVA', '0906'),
('090604', 'HUAYACUNDO ARMA', '0906'),
('090605', 'LARAMARCA', '0906'),
('090606', 'OCOYO', '0906'),
('090607', 'PILPICHACA', '0906'),
('090608', 'QUERCO', '0906'),
('090609', 'QUITO-ARMA', '0906'),
('090610', 'SAN ANTONIO DE CUSICANCHA', '0906'),
('090611', 'SAN FRANCISCO DE SANGAYAICO', '0906'),
('090612', 'SAN ISIDRO', '0906'),
('090613', 'SANTIAGO DE CHOCORVOS', '0906'),
('090614', 'SANTIAGO DE QUIRAHUARA', '0906'),
('090615', 'SANTO DOMINGO DE CAPILLAS', '0906'),
('090616', 'TAMBO', '0906'),
('090701', 'PAMPAS', '0907'),
('090702', 'ACOSTAMBO', '0907'),
('090703', 'ACRAQUIA', '0907'),
('090704', 'AHUAYCHA', '0907'),
('090705', 'COLCABAMBA', '0907'),
('090706', 'DANIEL HERNÁNDEZ', '0907'),
('090707', 'HUACHOCOLPA', '0907'),
('090709', 'HUARIBAMBA', '0907'),
('090710', 'ÑAHUIMPUQUIO', '0907'),
('090711', 'PAZOS', '0907'),
('090713', 'QUISHUAR', '0907'),
('090714', 'SALCABAMBA', '0907'),
('090715', 'SALCAHUASI', '0907'),
('090716', 'SAN MARCOS DE ROCCHAC', '0907'),
('090717', 'SURCUBAMBA', '0907'),
('090718', 'TINTAY PUNCU', '0907'),
('090719', 'QUICHUAS', '0907'),
('090720', 'ANDAYMARCA', '0907'),
('090721', 'ROBLE', '0907'),
('090722', 'PICHOS', '0907'),
('090723', 'SANTIAGO DE TUCUMA', '0907'),
('100101', 'HUANUCO', '1001'),
('100102', 'AMARILIS', '1001'),
('100103', 'CHINCHAO', '1001'),
('100104', 'CHURUBAMBA', '1001'),
('100105', 'MARGOS', '1001'),
('100106', 'QUISQUI (KICHKI)', '1001'),
('100107', 'SAN FRANCISCO DE CAYRAN', '1001'),
('100108', 'SAN PEDRO DE CHAULAN', '1001'),
('100109', 'SANTA MARÍA DEL VALLE', '1001'),
('100110', 'YARUMAYO', '1001'),
('100111', 'PILLCO MARCA', '1001'),
('100112', 'YACUS', '1001'),
('100113', 'SAN PABLO DE PILLAO', '1001'),
('100201', 'AMBO', '1002'),
('100202', 'CAYNA', '1002'),
('100203', 'COLPAS', '1002'),
('100204', 'CONCHAMARCA', '1002'),
('100205', 'HUACAR', '1002'),
('100206', 'SAN FRANCISCO', '1002'),
('100207', 'SAN RAFAEL', '1002'),
('100208', 'TOMAY KICHWA', '1002'),
('100301', 'LA UNIÓN', '1003'),
('100307', 'CHUQUIS', '1003'),
('100311', 'MARÍAS', '1003'),
('100313', 'PACHAS', '1003'),
('100316', 'QUIVILLA', '1003'),
('100317', 'RIPAN', '1003'),
('100321', 'SHUNQUI', '1003'),
('100322', 'SILLAPATA', '1003'),
('100323', 'YANAS', '1003'),
('100401', 'HUACAYBAMBA', '1004'),
('100402', 'CANCHABAMBA', '1004'),
('100403', 'COCHABAMBA', '1004'),
('100404', 'PINRA', '1004'),
('100501', 'LLATA', '1005'),
('100502', 'ARANCAY', '1005'),
('100503', 'CHAVÍN DE PARIARCA', '1005'),
('100504', 'JACAS GRANDE', '1005'),
('100505', 'JIRCAN', '1005'),
('100506', 'MIRAFLORES', '1005'),
('100507', 'MONZÓN', '1005'),
('100508', 'PUNCHAO', '1005'),
('100509', 'PUÑOS', '1005'),
('100510', 'SINGA', '1005'),
('100511', 'TANTAMAYO', '1005'),
('100601', 'RUPA-RUPA', '1006'),
('100602', 'DANIEL ALOMÍA ROBLES', '1006'),
('100603', 'HERMÍLIO VALDIZAN', '1006'),
('100604', 'JOSÉ CRESPO Y CASTILLO', '1006'),
('100605', 'LUYANDO', '1006'),
('100606', 'MARIANO DAMASO BERAUN', '1006'),
('100607', 'PUCAYACU', '1006'),
('100608', 'CASTILLO GRANDE', '1006'),
('100609', 'PUEBLO NUEVO', '1006'),
('100610', 'SANTO DOMINGO DE ANDA', '1006'),
('100701', 'HUACRACHUCO', '1007'),
('100702', 'CHOLON', '1007'),
('100703', 'SAN BUENAVENTURA', '1007'),
('100704', 'LA MORADA', '1007'),
('100705', 'SANTA ROSA DE ALTO YANAJANCA', '1007'),
('100801', 'PANAO', '1008'),
('100802', 'CHAGLLA', '1008'),
('100803', 'MOLINO', '1008'),
('100804', 'UMARI', '1008'),
('100901', 'PUERTO INCA', '1009'),
('100902', 'CODO DEL POZUZO', '1009'),
('100903', 'HONORIA', '1009'),
('100904', 'TOURNAVISTA', '1009'),
('100905', 'YUYAPICHIS', '1009'),
('101001', 'JESÚS', '1010'),
('101002', 'BAÑOS', '1010'),
('101003', 'JIVIA', '1010'),
('101004', 'QUEROPALCA', '1010'),
('101005', 'RONDOS', '1010'),
('101006', 'SAN FRANCISCO DE ASÍS', '1010'),
('101007', 'SAN MIGUEL DE CAURI', '1010'),
('101101', 'CHAVINILLO', '1011'),
('101102', 'CAHUAC', '1011'),
('101103', 'CHACABAMBA', '1011'),
('101104', 'APARICIO POMARES', '1011'),
('101105', 'JACAS CHICO', '1011'),
('101106', 'OBAS', '1011'),
('101107', 'PAMPAMARCA', '1011'),
('101108', 'CHORAS', '1011'),
('110101', 'ICA', '1101'),
('110102', 'LA TINGUIÑA', '1101'),
('110103', 'LOS AQUIJES', '1101'),
('110104', 'OCUCAJE', '1101'),
('110105', 'PACHACUTEC', '1101'),
('110106', 'PARCONA', '1101'),
('110107', 'PUEBLO NUEVO', '1101'),
('110108', 'SALAS', '1101'),
('110109', 'SAN JOSÉ DE LOS MOLINOS', '1101'),
('110110', 'SAN JUAN BAUTISTA', '1101'),
('110111', 'SANTIAGO', '1101'),
('110112', 'SUBTANJALLA', '1101'),
('110113', 'TATE', '1101'),
('110114', 'YAUCA DEL ROSARIO', '1101'),
('110201', 'CHINCHA ALTA', '1102'),
('110202', 'ALTO LARAN', '1102'),
('110203', 'CHAVIN', '1102'),
('110204', 'CHINCHA BAJA', '1102'),
('110205', 'EL CARMEN', '1102'),
('110206', 'GROCIO PRADO', '1102'),
('110207', 'PUEBLO NUEVO', '1102'),
('110208', 'SAN JUAN DE YANAC', '1102'),
('110209', 'SAN PEDRO DE HUACARPANA', '1102'),
('110210', 'SUNAMPE', '1102'),
('110211', 'TAMBO DE MORA', '1102'),
('110301', 'NASCA', '1103'),
('110302', 'CHANGUILLO', '1103'),
('110303', 'EL INGENIO', '1103'),
('110304', 'MARCONA', '1103'),
('110305', 'VISTA ALEGRE', '1103'),
('110401', 'PALPA', '1104'),
('110402', 'LLIPATA', '1104'),
('110403', 'RÍO GRANDE', '1104'),
('110404', 'SANTA CRUZ', '1104'),
('110405', 'TIBILLO', '1104'),
('110501', 'PISCO', '1105'),
('110502', 'HUANCANO', '1105'),
('110503', 'HUMAY', '1105'),
('110504', 'INDEPENDENCIA', '1105'),
('110505', 'PARACAS', '1105'),
('110506', 'SAN ANDRÉS', '1105'),
('110507', 'SAN CLEMENTE', '1105'),
('110508', 'TUPAC AMARU INCA', '1105'),
('120101', 'HUANCAYO', '1201'),
('120104', 'CARHUACALLANGA', '1201'),
('120105', 'CHACAPAMPA', '1201'),
('120106', 'CHICCHE', '1201'),
('120107', 'CHILCA', '1201'),
('120108', 'CHONGOS ALTO', '1201'),
('120111', 'CHUPURO', '1201'),
('120112', 'COLCA', '1201'),
('120113', 'CULLHUAS', '1201'),
('120114', 'EL TAMBO', '1201'),
('120116', 'HUACRAPUQUIO', '1201'),
('120117', 'HUALHUAS', '1201'),
('120119', 'HUANCAN', '1201'),
('120120', 'HUASICANCHA', '1201'),
('120121', 'HUAYUCACHI', '1201'),
('120122', 'INGENIO', '1201'),
('120124', 'PARIAHUANCA', '1201'),
('120125', 'PILCOMAYO', '1201'),
('120126', 'PUCARA', '1201'),
('120127', 'QUICHUAY', '1201'),
('120128', 'QUILCAS', '1201'),
('120129', 'SAN AGUSTÍN', '1201'),
('120130', 'SAN JERÓNIMO DE TUNAN', '1201'),
('120132', 'SAÑO', '1201'),
('120133', 'SAPALLANGA', '1201'),
('120134', 'SICAYA', '1201'),
('120135', 'SANTO DOMINGO DE ACOBAMBA', '1201'),
('120136', 'VIQUES', '1201'),
('120201', 'CONCEPCIÓN - JUNÍN', '1202'),
('120202', 'ACO', '1202'),
('120203', 'ANDAMARCA', '1202'),
('120204', 'CHAMBARA', '1202'),
('120205', 'COCHAS', '1202'),
('120206', 'COMAS', '1202'),
('120207', 'HEROÍNAS TOLEDO', '1202'),
('120208', 'MANZANARES', '1202'),
('120209', 'MARISCAL CASTILLA', '1202'),
('120210', 'MATAHUASI', '1202'),
('120211', 'MITO', '1202'),
('120212', 'NUEVE DE JULIO', '1202'),
('120213', 'ORCOTUNA', '1202'),
('120214', 'SAN JOSÉ DE QUERO', '1202'),
('120215', 'SANTA ROSA DE OCOPA', '1202'),
('120301', 'CHANCHAMAYO', '1203'),
('120302', 'PERENE', '1203'),
('120303', 'PICHANAQUI', '1203'),
('120304', 'SAN LUIS DE SHUARO', '1203'),
('120305', 'SAN RAMÓN', '1203'),
('120306', 'VITOC', '1203'),
('120401', 'JAUJA', '1204'),
('120402', 'ACOLLA', '1204'),
('120403', 'APATA', '1204'),
('120404', 'ATAURA', '1204'),
('120405', 'CANCHAYLLO', '1204'),
('120406', 'CURICACA', '1204'),
('120407', 'EL MANTARO', '1204'),
('120408', 'HUAMALI', '1204'),
('120409', 'HUARIPAMPA', '1204'),
('120410', 'HUERTAS', '1204'),
('120411', 'JANJAILLO', '1204'),
('120412', 'JULCÁN', '1204'),
('120413', 'LEONOR ORDÓÑEZ', '1204'),
('120414', 'LLOCLLAPAMPA', '1204'),
('120415', 'MARCO', '1204'),
('120416', 'MASMA', '1204'),
('120417', 'MASMA CHICCHE', '1204'),
('120418', 'MOLINOS', '1204'),
('120419', 'MONOBAMBA', '1204'),
('120420', 'MUQUI', '1204'),
('120421', 'MUQUIYAUYO', '1204'),
('120422', 'PACA', '1204'),
('120423', 'PACCHA', '1204'),
('120424', 'PANCAN', '1204'),
('120425', 'PARCO', '1204'),
('120426', 'POMACANCHA', '1204'),
('120427', 'RICRAN', '1204'),
('120428', 'SAN LORENZO', '1204'),
('120429', 'SAN PEDRO DE CHUNAN', '1204'),
('120430', 'SAUSA', '1204'),
('120431', 'SINCOS', '1204'),
('120432', 'TUNAN MARCA', '1204'),
('120433', 'YAULI', '1204'),
('120434', 'YAUYOS', '1204'),
('120501', 'JUNIN', '1205'),
('120502', 'CARHUAMAYO', '1205'),
('120503', 'ONDORES', '1205'),
('120504', 'ULCUMAYO', '1205'),
('120601', 'SATIPO', '1206'),
('120602', 'COVIRIALI', '1206'),
('120603', 'LLAYLLA', '1206'),
('120604', 'MAZAMARI', '1206'),
('120605', 'PAMPA HERMOSA', '1206'),
('120606', 'PANGOA', '1206'),
('120607', 'RÍO NEGRO', '1206'),
('120608', 'RÍO TAMBO', '1206'),
('120609', 'VIZCATAN DEL ENE', '1206'),
('120701', 'TARMA', '1207'),
('120702', 'ACOBAMBA', '1207'),
('120703', 'HUARICOLCA', '1207'),
('120704', 'HUASAHUASI', '1207'),
('120705', 'LA UNIÓN', '1207'),
('120706', 'PALCA', '1207'),
('120707', 'PALCAMAYO', '1207'),
('120708', 'SAN PEDRO DE CAJAS', '1207'),
('120709', 'TAPO', '1207'),
('120801', 'LA OROYA', '1208'),
('120802', 'CHACAPALPA', '1208'),
('120803', 'HUAY-HUAY', '1208'),
('120804', 'MARCAPOMACOCHA', '1208'),
('120805', 'MOROCOCHA', '1208'),
('120806', 'PACCHA', '1208'),
('120807', 'SANTA BÁRBARA DE CARHUACAYAN', '1208'),
('120808', 'SANTA ROSA DE SACCO', '1208'),
('120809', 'SUITUCANCHA', '1208'),
('120810', 'YAULI', '1208'),
('120901', 'CHUPACA', '1209'),
('120902', 'AHUAC', '1209'),
('120903', 'CHONGOS BAJO', '1209'),
('120904', 'HUACHAC', '1209'),
('120905', 'HUAMANCACA CHICO', '1209'),
('120906', 'SAN JUAN DE ISCOS', '1209'),
('120907', 'SAN JUAN DE JARPA', '1209'),
('120908', 'TRES DE DICIEMBRE', '1209'),
('120909', 'YANACANCHA', '1209'),
('130101', 'TRUJILLO', '1301'),
('130102', 'EL PORVENIR', '1301'),
('130103', 'FLORENCIA DE MORA', '1301'),
('130104', 'HUANCHACO', '1301'),
('130105', 'LA ESPERANZA', '1301'),
('130106', 'LAREDO', '1301'),
('130107', 'MOCHE', '1301'),
('130108', 'POROTO', '1301'),
('130109', 'SALAVERRY', '1301'),
('130110', 'SIMBAL', '1301'),
('130111', 'VICTOR LARCO HERRERA', '1301'),
('130201', 'ASCOPE', '1302'),
('130202', 'CHICAMA', '1302'),
('130203', 'CHOCOPE', '1302'),
('130204', 'MAGDALENA DE CAO', '1302'),
('130205', 'PAIJAN', '1302'),
('130206', 'RÁZURI', '1302'),
('130207', 'SANTIAGO DE CAO', '1302'),
('130208', 'CASA GRANDE', '1302'),
('130301', 'BOLÍVAR - LA LIBERTAD', '1303'),
('130302', 'BAMBAMARCA', '1303'),
('130303', 'CONDORMARCA', '1303'),
('130304', 'LONGOTEA', '1303'),
('130305', 'UCHUMARCA', '1303'),
('130306', 'UCUNCHA', '1303'),
('130401', 'CHEPEN', '1304'),
('130402', 'PACANGA', '1304'),
('130403', 'PUEBLO NUEVO', '1304'),
('130501', 'JULCAN', '1305'),
('130502', 'CALAMARCA', '1305'),
('130503', 'CARABAMBA', '1305'),
('130504', 'HUASO', '1305'),
('130601', 'OTUZCO', '1306'),
('130602', 'AGALLPAMPA', '1306'),
('130604', 'CHARAT', '1306'),
('130605', 'HUARANCHAL', '1306'),
('130606', 'LA CUESTA', '1306'),
('130608', 'MACHE', '1306'),
('130610', 'PARANDAY', '1306'),
('130611', 'SALPO', '1306'),
('130613', 'SINSICAP', '1306'),
('130614', 'USQUIL', '1306'),
('130701', 'SAN PEDRO DE LLOC', '1307'),
('130702', 'GUADALUPE', '1307'),
('130703', 'JEQUETEPEQUE', '1307'),
('130704', 'PACASMAYO', '1307'),
('130705', 'SAN JOSÉ', '1307'),
('130801', 'TAYABAMBA', '1308'),
('130802', 'BULDIBUYO', '1308'),
('130803', 'CHILLIA', '1308'),
('130804', 'HUANCASPATA', '1308'),
('130805', 'HUAYLILLAS', '1308'),
('130806', 'HUAYO', '1308'),
('130807', 'ONGON', '1308'),
('130808', 'PARCOY', '1308'),
('130809', 'PATAZ', '1308'),
('130810', 'PIAS', '1308'),
('130811', 'SANTIAGO DE CHALLAS', '1308'),
('130812', 'TAURIJA', '1308'),
('130813', 'URPAY', '1308'),
('130901', 'HUAMACHUCO', '1309'),
('130902', 'CHUGAY', '1309'),
('130903', 'COCHORCO', '1309'),
('130904', 'CURGOS', '1309'),
('130905', 'MARCABAL', '1309'),
('130906', 'SANAGORAN', '1309'),
('130907', 'SARIN', '1309'),
('130908', 'SARTIMBAMBA', '1309'),
('131001', 'SANTIAGO DE CHUCO', '1310'),
('131002', 'ANGASMARCA', '1310'),
('131003', 'CACHICADAN', '1310'),
('131004', 'MOLLEBAMBA', '1310'),
('131005', 'MOLLEPATA', '1310'),
('131006', 'QUIRUVILCA', '1310'),
('131007', 'SANTA CRUZ DE CHUCA', '1310'),
('131008', 'SITABAMBA', '1310'),
('131101', 'CASCAS', '1311'),
('131102', 'LUCMA', '1311'),
('131103', 'MARMOT', '1311'),
('131104', 'SAYAPULLO', '1311'),
('131201', 'VIRU', '1312'),
('131202', 'CHAO', '1312'),
('131203', 'GUADALUPITO', '1312'),
('140101', 'CHICLAYO', '1401'),
('140102', 'CHONGOYAPE', '1401'),
('140103', 'ETEN', '1401'),
('140104', 'ETEN PUERTO', '1401'),
('140105', 'JOSÉ LEONARDO ORTIZ', '1401'),
('140106', 'LA VICTORIA', '1401'),
('140107', 'LAGUNAS', '1401'),
('140108', 'MONSEFU', '1401'),
('140109', 'NUEVA ARICA', '1401'),
('140110', 'OYOTUN', '1401'),
('140111', 'PICSI', '1401'),
('140112', 'PIMENTEL', '1401'),
('140113', 'REQUE', '1401'),
('140114', 'SANTA ROSA', '1401'),
('140115', 'SAÑA', '1401'),
('140116', 'CAYALTI', '1401'),
('140117', 'PATAPO', '1401'),
('140118', 'POMALCA', '1401'),
('140119', 'PUCALA', '1401'),
('140120', 'TUMAN', '1401'),
('140201', 'FERREÑAFE', '1402'),
('140202', 'CAÑARIS', '1402'),
('140203', 'INCAHUASI', '1402'),
('140204', 'MANUEL ANTONIO MESONES MURO', '1402'),
('140205', 'PITIPO', '1402'),
('140206', 'PUEBLO NUEVO', '1402'),
('140301', 'LAMBAYEQUE', '1403'),
('140302', 'CHOCHOPE', '1403'),
('140303', 'ILLIMO', '1403'),
('140304', 'JAYANCA', '1403'),
('140305', 'MOCHUMI', '1403'),
('140306', 'MORROPE', '1403'),
('140307', 'MOTUPE', '1403'),
('140308', 'OLMOS', '1403'),
('140309', 'PACORA', '1403'),
('140310', 'SALAS', '1403'),
('140311', 'SAN JOSÉ', '1403'),
('140312', 'TUCUME', '1403'),
('150101', 'LIMA', '1501'),
('150102', 'ANCÓN', '1501'),
('150103', 'ATE', '1501'),
('150104', 'BARRANCO', '1501'),
('150105', 'BREÑA', '1501'),
('150106', 'CARABAYLLO', '1501'),
('150107', 'CHACLACAYO', '1501'),
('150108', 'CHORRILLOS', '1501'),
('150109', 'CIENEGUILLA', '1501'),
('150110', 'COMAS', '1501'),
('150111', 'EL AGUSTINO', '1501'),
('150112', 'INDEPENDENCIA', '1501'),
('150113', 'JESÚS MARÍA', '1501'),
('150114', 'LA MOLINA', '1501'),
('150115', 'LA VICTORIA', '1501'),
('150116', 'LINCE', '1501'),
('150117', 'LOS OLIVOS', '1501'),
('150118', 'LURIGANCHO', '1501'),
('150119', 'LURIN', '1501'),
('150120', 'MAGDALENA DEL MAR', '1501'),
('150121', 'PUEBLO LIBRE', '1501'),
('150122', 'MIRAFLORES', '1501'),
('150123', 'PACHACAMAC', '1501'),
('150124', 'PUCUSANA', '1501'),
('150125', 'PUENTE PIEDRA', '1501'),
('150126', 'PUNTA HERMOSA', '1501'),
('150127', 'PUNTA NEGRA', '1501'),
('150128', 'RÍMAC', '1501'),
('150129', 'SAN BARTOLO', '1501'),
('150130', 'SAN BORJA', '1501'),
('150131', 'SAN ISIDRO', '1501'),
('150132', 'SAN JUAN DE LURIGANCHO', '1501'),
('150133', 'SAN JUAN DE MIRAFLORES', '1501'),
('150134', 'SAN LUIS', '1501'),
('150135', 'SAN MARTÍN DE PORRES', '1501'),
('150136', 'SAN MIGUEL - LIMA', '1501'),
('150137', 'SANTA ANITA', '1501'),
('150138', 'SANTA MARÍA DEL MAR', '1501'),
('150139', 'SANTA ROSA', '1501'),
('150140', 'SANTIAGO DE SURCO', '1501'),
('150141', 'SURQUILLO', '1501'),
('150142', 'VILLA EL SALVADOR', '1501'),
('150143', 'VILLA MARÍA DEL TRIUNFO', '1501'),
('150201', 'BARRANCA', '1502'),
('150202', 'PARAMONGA', '1502'),
('150203', 'PATIVILCA', '1502'),
('150204', 'SUPE', '1502'),
('150205', 'SUPE PUERTO', '1502'),
('150301', 'CAJATAMBO', '1503'),
('150302', 'COPA', '1503'),
('150303', 'GORGOR', '1503'),
('150304', 'HUANCAPON', '1503'),
('150305', 'MANAS', '1503'),
('150401', 'CANTA', '1504'),
('150402', 'ARAHUAY', '1504'),
('150403', 'HUAMANTANGA', '1504'),
('150404', 'HUAROS', '1504'),
('150405', 'LACHAQUI', '1504'),
('150406', 'SAN BUENAVENTURA', '1504'),
('150407', 'SANTA ROSA DE QUIVES', '1504'),
('150501', 'SAN VICENTE DE CAÑETE', '1505'),
('150502', 'ASIA', '1505'),
('150503', 'CALANGO', '1505'),
('150504', 'CERRO AZUL', '1505'),
('150505', 'CHILCA', '1505'),
('150506', 'COAYLLO', '1505'),
('150507', 'IMPERIAL', '1505'),
('150508', 'LUNAHUANA', '1505'),
('150509', 'MALA', '1505'),
('150510', 'NUEVO IMPERIAL', '1505'),
('150511', 'PACARAN', '1505'),
('150512', 'QUILMANA', '1505'),
('150513', 'SAN ANTONIO', '1505'),
('150514', 'SAN LUIS', '1505'),
('150515', 'SANTA CRUZ DE FLORES', '1505'),
('150516', 'ZÚÑIGA', '1505'),
('150601', 'HUARAL', '1506'),
('150602', 'ATAVILLOS ALTO', '1506'),
('150603', 'ATAVILLOS BAJO', '1506'),
('150604', 'AUCALLAMA', '1506'),
('150605', 'CHANCAY', '1506'),
('150606', 'IHUARI', '1506'),
('150607', 'LAMPIAN', '1506'),
('150608', 'PACARAOS', '1506'),
('150609', 'SAN MIGUEL DE ACOS', '1506'),
('150610', 'SANTA CRUZ DE ANDAMARCA', '1506'),
('150611', 'SUMBILCA', '1506'),
('150612', 'VEINTISIETE DE NOVIEMBRE', '1506'),
('150701', 'MATUCANA', '1507'),
('150702', 'ANTIOQUIA', '1507'),
('150703', 'CALLAHUANCA', '1507'),
('150704', 'CARAMPOMA', '1507'),
('150705', 'CHICLA', '1507'),
('150706', 'CUENCA', '1507'),
('150707', 'HUACHUPAMPA', '1507'),
('150708', 'HUANZA', '1507'),
('150709', 'HUAROCHIRI', '1507'),
('150710', 'LAHUAYTAMBO', '1507'),
('150711', 'LANGA', '1507'),
('150712', 'LARAOS', '1507'),
('150713', 'MARIATANA', '1507'),
('150714', 'RICARDO PALMA', '1507'),
('150715', 'SAN ANDRÉS DE TUPICOCHA', '1507'),
('150716', 'SAN ANTONIO', '1507'),
('150717', 'SAN BARTOLOMÉ', '1507'),
('150718', 'SAN DAMIAN', '1507'),
('150719', 'SAN JUAN DE IRIS', '1507'),
('150720', 'SAN JUAN DE TANTARANCHE', '1507'),
('150721', 'SAN LORENZO DE QUINTI', '1507'),
('150722', 'SAN MATEO', '1507'),
('150723', 'SAN MATEO DE OTAO', '1507'),
('150724', 'SAN PEDRO DE CASTA', '1507'),
('150725', 'SAN PEDRO DE HUANCAYRE', '1507'),
('150726', 'SANGALLAYA', '1507'),
('150727', 'SANTA CRUZ DE COCACHACRA', '1507'),
('150728', 'SANTA EULALIA', '1507'),
('150729', 'SANTIAGO DE ANCHUCAYA', '1507'),
('150730', 'SANTIAGO DE TUNA', '1507'),
('150731', 'SANTO DOMINGO DE LOS OLLEROS', '1507'),
('150732', 'SURCO', '1507'),
('150801', 'HUACHO', '1508'),
('150802', 'AMBAR', '1508'),
('150803', 'CALETA DE CARQUIN', '1508'),
('150804', 'CHECRAS', '1508'),
('150805', 'HUALMAY', '1508'),
('150806', 'HUAURA', '1508'),
('150807', 'LEONCIO PRADO', '1508'),
('150808', 'PACCHO', '1508'),
('150809', 'SANTA LEONOR', '1508'),
('150810', 'SANTA MARÍA', '1508'),
('150811', 'SAYAN', '1508'),
('150812', 'VEGUETA', '1508'),
('150901', 'OYON', '1509'),
('150902', 'ANDAJES', '1509'),
('150903', 'CAUJUL', '1509'),
('150904', 'COCHAMARCA', '1509'),
('150905', 'NAVAN', '1509'),
('150906', 'PACHANGARA', '1509'),
('151001', 'YAUYOS', '1510'),
('151002', 'ALIS', '1510'),
('151003', 'ALLAUCA', '1510'),
('151004', 'AYAVIRI', '1510'),
('151005', 'AZÁNGARO', '1510'),
('151006', 'CACRA', '1510'),
('151007', 'CARANIA', '1510'),
('151008', 'CATAHUASI', '1510'),
('151009', 'CHOCOS', '1510'),
('151010', 'COCHAS', '1510'),
('151011', 'COLONIA', '1510'),
('151012', 'HONGOS', '1510'),
('151013', 'HUAMPARA', '1510'),
('151014', 'HUANCAYA', '1510'),
('151015', 'HUANGASCAR', '1510'),
('151016', 'HUANTAN', '1510'),
('151017', 'HUAÑEC', '1510'),
('151018', 'LARAOS', '1510'),
('151019', 'LINCHA', '1510'),
('151020', 'MADEAN', '1510'),
('151021', 'MIRAFLORES', '1510'),
('151022', 'OMAS', '1510'),
('151023', 'PUTINZA', '1510'),
('151024', 'QUINCHES', '1510'),
('151025', 'QUINOCAY', '1510'),
('151026', 'SAN JOAQUÍN', '1510'),
('151027', 'SAN PEDRO DE PILAS', '1510'),
('151028', 'TANTA', '1510'),
('151029', 'TAURIPAMPA', '1510'),
('151030', 'TOMAS', '1510'),
('151031', 'TUPE', '1510'),
('151032', 'VIÑAC', '1510'),
('151033', 'VITIS', '1510'),
('160101', 'IQUITOS', '1601'),
('160102', 'ALTO NANAY', '1601'),
('160103', 'FERNANDO LORES', '1601'),
('160104', 'INDIANA', '1601'),
('160105', 'LAS AMAZONAS', '1601'),
('160106', 'MAZAN', '1601'),
('160107', 'NAPO', '1601'),
('160108', 'PUNCHANA', '1601'),
('160110', 'TORRES CAUSANA', '1601'),
('160112', 'BELÉN', '1601'),
('160113', 'SAN JUAN BAUTISTA', '1601'),
('160201', 'YURIMAGUAS', '1602'),
('160202', 'BALSAPUERTO', '1602'),
('160205', 'JEBEROS', '1602'),
('160206', 'LAGUNAS', '1602'),
('160210', 'SANTA CRUZ', '1602'),
('160211', 'TENIENTE CESAR LÓPEZ ROJAS', '1602'),
('160301', 'NAUTA', '1603'),
('160302', 'PARINARI', '1603'),
('160303', 'TIGRE', '1603'),
('160304', 'TROMPETEROS', '1603'),
('160305', 'URARINAS', '1603'),
('160401', 'RAMÓN CASTILLA', '1604'),
('160402', 'PEBAS', '1604'),
('160403', 'YAVARI', '1604'),
('160404', 'SAN PABLO', '1604'),
('160501', 'REQUENA', '1605'),
('160502', 'ALTO TAPICHE', '1605'),
('160503', 'CAPELO', '1605'),
('160504', 'EMILIO SAN MARTÍN', '1605'),
('160505', 'MAQUIA', '1605'),
('160506', 'PUINAHUA', '1605'),
('160507', 'SAQUENA', '1605'),
('160508', 'SOPLIN', '1605'),
('160509', 'TAPICHE', '1605'),
('160510', 'JENARO HERRERA', '1605'),
('160511', 'YAQUERANA', '1605'),
('160601', 'CONTAMANA', '1606'),
('160602', 'INAHUAYA', '1606'),
('160603', 'PADRE MÁRQUEZ', '1606'),
('160604', 'PAMPA HERMOSA', '1606'),
('160605', 'SARAYACU', '1606'),
('160606', 'VARGAS GUERRA', '1606'),
('160701', 'BARRANCA', '1607'),
('160702', 'CAHUAPANAS', '1607'),
('160703', 'MANSERICHE', '1607'),
('160704', 'MORONA', '1607'),
('160705', 'PASTAZA', '1607'),
('160706', 'ANDOAS', '1607'),
('160801', 'PUTUMAYO', '1608'),
('160802', 'ROSA PANDURO', '1608'),
('160803', 'TENIENTE MANUEL CLAVERO', '1608'),
('160804', 'YAGUAS', '1608'),
('170101', 'TAMBOPATA', '1701'),
('170102', 'INAMBARI', '1701'),
('170103', 'LAS PIEDRAS', '1701'),
('170104', 'LABERINTO', '1701'),
('170201', 'MANU', '1702'),
('170202', 'FITZCARRALD', '1702'),
('170203', 'MADRE DE DIOS', '1702'),
('170204', 'HUEPETUHE', '1702'),
('170301', 'IÑAPARI', '1703'),
('170302', 'IBERIA', '1703'),
('170303', 'TAHUAMANU', '1703'),
('180101', 'MOQUEGUA', '1801'),
('180102', 'CARUMAS', '1801'),
('180103', 'CUCHUMBAYA', '1801'),
('180104', 'SAMEGUA', '1801'),
('180105', 'SAN CRISTÓBAL', '1801'),
('180106', 'TORATA', '1801'),
('180201', 'OMATE', '1802'),
('180202', 'CHOJATA', '1802'),
('180203', 'COALAQUE', '1802'),
('180204', 'ICHUÑA', '1802'),
('180205', 'LA CAPILLA', '1802'),
('180206', 'LLOQUE', '1802'),
('180207', 'MATALAQUE', '1802'),
('180208', 'PUQUINA', '1802'),
('180209', 'QUINISTAQUILLAS', '1802'),
('180210', 'UBINAS', '1802'),
('180211', 'YUNGA', '1802'),
('180301', 'ILO', '1803'),
('180302', 'EL ALGARROBAL', '1803'),
('180303', 'PACOCHA', '1803'),
('190101', 'CHAUPIMARCA', '1901'),
('190102', 'HUACHON', '1901'),
('190103', 'HUARIACA', '1901'),
('190104', 'HUAYLLAY', '1901'),
('190105', 'NINACACA', '1901'),
('190106', 'PALLANCHACRA', '1901'),
('190107', 'PAUCARTAMBO', '1901'),
('190108', 'SAN FRANCISCO DE ASÍS DE YARUSYACAN', '1901'),
('190109', 'SIMON BOLÍVAR', '1901'),
('190110', 'TICLACAYAN', '1901'),
('190111', 'TINYAHUARCO', '1901'),
('190112', 'VICCO', '1901'),
('190113', 'YANACANCHA', '1901'),
('190201', 'YANAHUANCA', '1902'),
('190202', 'CHACAYAN', '1902'),
('190203', 'GOYLLARISQUIZGA', '1902'),
('190204', 'PAUCAR', '1902'),
('190205', 'SAN PEDRO DE PILLAO', '1902'),
('190206', 'SANTA ANA DE TUSI', '1902'),
('190207', 'TAPUC', '1902'),
('190208', 'VILCABAMBA', '1902'),
('190301', 'OXAPAMPA', '1903'),
('190302', 'CHONTABAMBA', '1903'),
('190303', 'HUANCABAMBA', '1903'),
('190304', 'PALCAZU', '1903'),
('190305', 'POZUZO', '1903'),
('190306', 'PUERTO BERMÚDEZ', '1903'),
('190307', 'VILLA RICA', '1903'),
('190308', 'CONSTITUCIÓN', '1903'),
('200101', 'PIURA', '2001'),
('200104', 'CASTILLA', '2001'),
('200105', 'CATACAOS', '2001'),
('200107', 'CURA MORI', '2001'),
('200108', 'EL TALLAN', '2001'),
('200109', 'LA ARENA', '2001'),
('200110', 'LA UNIÓN', '2001'),
('200111', 'LAS LOMAS', '2001'),
('200114', 'TAMBO GRANDE', '2001'),
('200115', 'VEINTISEIS DE OCTUBRE', '2001'),
('200201', 'AYABACA', '2002'),
('200202', 'FRIAS', '2002'),
('200203', 'JILILI', '2002'),
('200204', 'LAGUNAS', '2002'),
('200205', 'MONTERO', '2002'),
('200206', 'PACAIPAMPA', '2002'),
('200207', 'PAIMAS', '2002'),
('200208', 'SAPILLICA', '2002'),
('200209', 'SICCHEZ', '2002'),
('200210', 'SUYO', '2002'),
('200301', 'HUANCABAMBA', '2003'),
('200302', 'CANCHAQUE', '2003'),
('200303', 'EL CARMEN DE LA FRONTERA', '2003'),
('200304', 'HUARMACA', '2003'),
('200305', 'LALAQUIZ', '2003'),
('200306', 'SAN MIGUEL DE EL FAIQUE', '2003'),
('200307', 'SONDOR', '2003');
INSERT INTO `catalogo_13_dist` (`id`, `detalle`, `idprov`) VALUES
('200308', 'SONDORILLO', '2003'),
('200401', 'CHULUCANAS', '2004'),
('200402', 'BUENOS AIRES', '2004'),
('200403', 'CHALACO', '2004'),
('200404', 'LA MATANZA', '2004'),
('200405', 'MORROPON', '2004'),
('200406', 'SALITRAL', '2004'),
('200407', 'SAN JUAN DE BIGOTE', '2004'),
('200408', 'SANTA CATALINA DE MOSSA', '2004'),
('200409', 'SANTO DOMINGO', '2004'),
('200410', 'YAMANGO', '2004'),
('200501', 'PAITA', '2005'),
('200502', 'AMOTAPE', '2005'),
('200503', 'ARENAL', '2005'),
('200504', 'COLAN', '2005'),
('200505', 'LA HUACA', '2005'),
('200506', 'TAMARINDO', '2005'),
('200507', 'VICHAYAL', '2005'),
('200601', 'SULLANA', '2006'),
('200602', 'BELLAVISTA - SULLANA', '2006'),
('200603', 'IGNACIO ESCUDERO', '2006'),
('200604', 'LANCONES', '2006'),
('200605', 'MARCAVELICA', '2006'),
('200606', 'MIGUEL CHECA', '2006'),
('200607', 'QUERECOTILLO', '2006'),
('200608', 'SALITRAL', '2006'),
('200701', 'PARIÑAS', '2007'),
('200702', 'EL ALTO', '2007'),
('200703', 'LA BREA', '2007'),
('200704', 'LOBITOS', '2007'),
('200705', 'LOS ORGANOS', '2007'),
('200706', 'MANCORA', '2007'),
('200801', 'SECHURA', '2008'),
('200802', 'BELLAVISTA DE LA UNIÓN', '2008'),
('200803', 'BERNAL', '2008'),
('200804', 'CRISTO NOS VALGA', '2008'),
('200805', 'VICE', '2008'),
('200806', 'RINCONADA LLICUAR', '2008'),
('210101', 'PUNO', '2101'),
('210102', 'ACORA', '2101'),
('210103', 'AMANTANI', '2101'),
('210104', 'ATUNCOLLA', '2101'),
('210105', 'CAPACHICA', '2101'),
('210106', 'CHUCUITO', '2101'),
('210107', 'COATA', '2101'),
('210108', 'HUATA', '2101'),
('210109', 'MAÑAZO', '2101'),
('210110', 'PAUCARCOLLA', '2101'),
('210111', 'PICHACANI', '2101'),
('210112', 'PLATERIA', '2101'),
('210113', 'SAN ANTONIO', '2101'),
('210114', 'TIQUILLACA', '2101'),
('210115', 'VILQUE', '2101'),
('210201', 'AZÁNGARO', '2102'),
('210202', 'ACHAYA', '2102'),
('210203', 'ARAPA', '2102'),
('210204', 'ASILLO', '2102'),
('210205', 'CAMINACA', '2102'),
('210206', 'CHUPA', '2102'),
('210207', 'JOSÉ DOMINGO CHOQUEHUANCA', '2102'),
('210208', 'MUÑANI', '2102'),
('210209', 'POTONI', '2102'),
('210210', 'SAMAN', '2102'),
('210211', 'SAN ANTON', '2102'),
('210212', 'SAN JOSÉ', '2102'),
('210213', 'SAN JUAN DE SALINAS', '2102'),
('210214', 'SANTIAGO DE PUPUJA', '2102'),
('210215', 'TIRAPATA', '2102'),
('210301', 'MACUSANI', '2103'),
('210302', 'AJOYANI', '2103'),
('210303', 'AYAPATA', '2103'),
('210304', 'COASA', '2103'),
('210305', 'CORANI', '2103'),
('210306', 'CRUCERO', '2103'),
('210307', 'ITUATA', '2103'),
('210308', 'OLLACHEA', '2103'),
('210309', 'SAN GABAN', '2103'),
('210310', 'USICAYOS', '2103'),
('210401', 'JULI', '2104'),
('210402', 'DESAGUADERO', '2104'),
('210403', 'HUACULLANI', '2104'),
('210404', 'KELLUYO', '2104'),
('210405', 'PISACOMA', '2104'),
('210406', 'POMATA', '2104'),
('210407', 'ZEPITA', '2104'),
('210501', 'ILAVE', '2105'),
('210502', 'CAPAZO', '2105'),
('210503', 'PILCUYO', '2105'),
('210504', 'SANTA ROSA', '2105'),
('210505', 'CONDURIRI', '2105'),
('210601', 'HUANCANE', '2106'),
('210602', 'COJATA', '2106'),
('210603', 'HUATASANI', '2106'),
('210604', 'INCHUPALLA', '2106'),
('210605', 'PUSI', '2106'),
('210606', 'ROSASPATA', '2106'),
('210607', 'TARACO', '2106'),
('210608', 'VILQUE CHICO', '2106'),
('210701', 'LAMPA', '2107'),
('210702', 'CABANILLA', '2107'),
('210703', 'CALAPUJA', '2107'),
('210704', 'NICASIO', '2107'),
('210705', 'OCUVIRI', '2107'),
('210706', 'PALCA', '2107'),
('210707', 'PARATIA', '2107'),
('210708', 'PUCARA', '2107'),
('210709', 'SANTA LUCIA', '2107'),
('210710', 'VILAVILA', '2107'),
('210801', 'AYAVIRI', '2108'),
('210802', 'ANTAUTA', '2108'),
('210803', 'CUPI', '2108'),
('210804', 'LLALLI', '2108'),
('210805', 'MACARI', '2108'),
('210806', 'NUÑOA', '2108'),
('210807', 'ORURILLO', '2108'),
('210808', 'SANTA ROSA', '2108'),
('210809', 'UMACHIRI', '2108'),
('210901', 'MOHO', '2109'),
('210902', 'CONIMA', '2109'),
('210903', 'HUAYRAPATA', '2109'),
('210904', 'TILALI', '2109'),
('211001', 'PUTINA', '2110'),
('211002', 'ANANEA', '2110'),
('211003', 'PEDRO VILCA APAZA', '2110'),
('211004', 'QUILCAPUNCU', '2110'),
('211005', 'SINA', '2110'),
('211101', 'JULIACA', '2111'),
('211102', 'CABANA', '2111'),
('211103', 'CABANILLAS', '2111'),
('211104', 'CARACOTO', '2111'),
('211105', 'SAN MIGUEL - PUNO', '2111'),
('211201', 'SANDIA', '2112'),
('211202', 'CUYOCUYO', '2112'),
('211203', 'LIMBANI', '2112'),
('211204', 'PATAMBUCO', '2112'),
('211205', 'PHARA', '2112'),
('211206', 'QUIACA', '2112'),
('211207', 'SAN JUAN DEL ORO', '2112'),
('211208', 'YANAHUAYA', '2112'),
('211209', 'ALTO INAMBARI', '2112'),
('211210', 'SAN PEDRO DE PUTINA PUNCO', '2112'),
('211301', 'YUNGUYO', '2113'),
('211302', 'ANAPIA', '2113'),
('211303', 'COPANI', '2113'),
('211304', 'CUTURAPI', '2113'),
('211305', 'OLLARAYA', '2113'),
('211306', 'TINICACHI', '2113'),
('211307', 'UNICACHI', '2113'),
('220101', 'MOYOBAMBA', '2201'),
('220102', 'CALZADA', '2201'),
('220103', 'HABANA', '2201'),
('220104', 'JEPELACIO', '2201'),
('220105', 'SORITOR', '2201'),
('220106', 'YANTALO', '2201'),
('220201', 'BELLAVISTA - SAN MARTÍN', '2202'),
('220202', 'ALTO BIAVO', '2202'),
('220203', 'BAJO BIAVO', '2202'),
('220204', 'HUALLAGA', '2202'),
('220205', 'SAN PABLO', '2202'),
('220206', 'SAN RAFAEL', '2202'),
('220301', 'SAN JOSÉ DE SISA', '2203'),
('220302', 'AGUA BLANCA', '2203'),
('220303', 'SAN MARTÍN', '2203'),
('220304', 'SANTA ROSA', '2203'),
('220305', 'SHATOJA', '2203'),
('220401', 'SAPOSOA', '2204'),
('220402', 'ALTO SAPOSOA', '2204'),
('220403', 'EL ESLABÓN', '2204'),
('220404', 'PISCOYACU', '2204'),
('220405', 'SACANCHE', '2204'),
('220406', 'TINGO DE SAPOSOA', '2204'),
('220501', 'LAMAS', '2205'),
('220502', 'ALONSO DE ALVARADO', '2205'),
('220503', 'BARRANQUITA', '2205'),
('220504', 'CAYNARACHI', '2205'),
('220505', 'CUÑUMBUQUI', '2205'),
('220506', 'PINTO RECODO', '2205'),
('220507', 'RUMISAPA', '2205'),
('220508', 'SAN ROQUE DE CUMBAZA', '2205'),
('220509', 'SHANAO', '2205'),
('220510', 'TABALOSOS', '2205'),
('220511', 'ZAPATERO', '2205'),
('220601', 'JUANJUÍ', '2206'),
('220602', 'CAMPANILLA', '2206'),
('220603', 'HUICUNGO', '2206'),
('220604', 'PACHIZA', '2206'),
('220605', 'PAJARILLO', '2206'),
('220701', 'PICOTA', '2207'),
('220702', 'BUENOS AIRES', '2207'),
('220703', 'CASPISAPA', '2207'),
('220704', 'PILLUANA', '2207'),
('220705', 'PUCACACA', '2207'),
('220706', 'SAN CRISTÓBAL', '2207'),
('220707', 'SAN HILARIÓN', '2207'),
('220708', 'SHAMBOYACU', '2207'),
('220709', 'TINGO DE PONASA', '2207'),
('220710', 'TRES UNIDOS', '2207'),
('220801', 'RIOJA', '2208'),
('220802', 'AWAJUN', '2208'),
('220803', 'ELÍAS SOPLIN VARGAS', '2208'),
('220804', 'NUEVA CAJAMARCA', '2208'),
('220805', 'PARDO MIGUEL', '2208'),
('220806', 'POSIC', '2208'),
('220807', 'SAN FERNANDO', '2208'),
('220808', 'YORONGOS', '2208'),
('220809', 'YURACYACU', '2208'),
('220901', 'TARAPOTO', '2209'),
('220902', 'ALBERTO LEVEAU', '2209'),
('220903', 'CACATACHI', '2209'),
('220904', 'CHAZUTA', '2209'),
('220905', 'CHIPURANA', '2209'),
('220906', 'EL PORVENIR', '2209'),
('220907', 'HUIMBAYOC', '2209'),
('220908', 'JUAN GUERRA', '2209'),
('220909', 'LA BANDA DE SHILCAYO', '2209'),
('220910', 'MORALES', '2209'),
('220911', 'PAPAPLAYA', '2209'),
('220912', 'SAN ANTONIO', '2209'),
('220913', 'SAUCE', '2209'),
('220914', 'SHAPAJA', '2209'),
('221001', 'TOCACHE', '2210'),
('221002', 'NUEVO PROGRESO', '2210'),
('221003', 'POLVORA', '2210'),
('221004', 'SHUNTE', '2210'),
('221005', 'UCHIZA', '2210'),
('230101', 'TACNA', '2301'),
('230102', 'ALTO DE LA ALIANZA', '2301'),
('230103', 'CALANA', '2301'),
('230104', 'CIUDAD NUEVA', '2301'),
('230105', 'INCLAN', '2301'),
('230106', 'PACHIA', '2301'),
('230107', 'PALCA', '2301'),
('230108', 'POCOLLAY', '2301'),
('230109', 'SAMA', '2301'),
('230110', 'CORONEL GREGORIO ALBARRACÍN LANCHIPA', '2301'),
('230111', 'LA YARADA LOS PALOS', '2301'),
('230201', 'CANDARAVE', '2302'),
('230202', 'CAIRANI', '2302'),
('230203', 'CAMILACA', '2302'),
('230204', 'CURIBAYA', '2302'),
('230205', 'HUANUARA', '2302'),
('230206', 'QUILAHUANI', '2302'),
('230301', 'LOCUMBA', '2303'),
('230302', 'ILABAYA', '2303'),
('230303', 'ITE', '2303'),
('230401', 'TARATA', '2304'),
('230402', 'HÉROES ALBARRACÍN', '2304'),
('230403', 'ESTIQUE', '2304'),
('230404', 'ESTIQUE-PAMPA', '2304'),
('230405', 'SITAJARA', '2304'),
('230406', 'SUSAPAYA', '2304'),
('230407', 'TARUCACHI', '2304'),
('230408', 'TICACO', '2304'),
('240101', 'TUMBES', '2401'),
('240102', 'CORRALES', '2401'),
('240103', 'LA CRUZ', '2401'),
('240104', 'PAMPAS DE HOSPITAL', '2401'),
('240105', 'SAN JACINTO', '2401'),
('240106', 'SAN JUAN DE LA VIRGEN', '2401'),
('240201', 'ZORRITOS', '2402'),
('240202', 'CASITAS', '2402'),
('240203', 'CANOAS DE PUNTA SAL', '2402'),
('240301', 'ZARUMILLA', '2403'),
('240302', 'AGUAS VERDES', '2403'),
('240303', 'MATAPALO', '2403'),
('240304', 'PAPAYAL', '2403'),
('250101', 'CALLERIA', '2501'),
('250102', 'CAMPOVERDE', '2501'),
('250103', 'IPARIA', '2501'),
('250104', 'MASISEA', '2501'),
('250105', 'YARINACOCHA', '2501'),
('250106', 'NUEVA REQUENA', '2501'),
('250107', 'MANANTAY', '2501'),
('250201', 'RAYMONDI', '2502'),
('250202', 'SEPAHUA', '2502'),
('250203', 'TAHUANIA', '2502'),
('250204', 'YURUA', '2502'),
('250301', 'PADRE ABAD', '2503'),
('250302', 'IRAZOLA', '2503'),
('250303', 'CURIMANA', '2503'),
('250304', 'NESHUYA', '2503'),
('250305', 'ALEXANDER VON HUMBOLDT', '2503'),
('250401', 'PURUS', '2504');

-- --------------------------------------------------------

--
-- Estructura de tabla para la tabla `catalogo_13_dpt`
--

CREATE TABLE `catalogo_13_dpt` (
  `id` varchar(2) CHARACTER SET utf8mb3 COLLATE utf8mb3_spanish_ci NOT NULL,
  `detalle` varchar(100) CHARACTER SET utf8mb3 COLLATE utf8mb3_spanish_ci NOT NULL,
  `estado` tinyint(1) NOT NULL
) ENGINE=InnoDB DEFAULT CHARSET=utf8mb3 COLLATE=utf8mb3_spanish_ci ROW_FORMAT=DYNAMIC;

--
-- Volcado de datos para la tabla `catalogo_13_dpt`
--

INSERT INTO `catalogo_13_dpt` (`id`, `detalle`, `estado`) VALUES
('00', 'NINGUNO', 1),
('01', 'AMAZONA', 1),
('02', 'ANCASH', 1),
('03', 'APURIMAC', 1),
('04', 'AREQUIPA', 1),
('05', 'AYACUCHO', 1),
('06', 'CAJAMARCA', 1),
('07', 'CONST. DEL CALLAO', 1),
('08', 'CUSCO', 1),
('09', 'HUANCAVELICA', 1),
('10', 'HUANUCO', 1),
('11', 'ICA', 1),
('12', 'JUNIN', 1),
('13', 'LA LIBERTAD', 1),
('14', 'LAMBAYEQUE', 1),
('15', 'LIMA', 1),
('16', 'LORETO', 1),
('17', 'MADRE DE DIOS', 1),
('18', 'MOQUEGUA', 1),
('19', 'PASCO', 1),
('20', 'PIURA', 1),
('21', 'PUNO', 1),
('22', 'SAN MARTIN', 1),
('23', 'TACNA', 1),
('24', 'TUMBES', 1),
('25', 'UCAYALI', 1);

-- --------------------------------------------------------

--
-- Estructura de tabla para la tabla `catalogo_13_prov`
--

CREATE TABLE `catalogo_13_prov` (
  `id` varchar(4) CHARACTER SET utf8mb3 COLLATE utf8mb3_spanish_ci NOT NULL,
  `detalle` varchar(150) CHARACTER SET utf8mb3 COLLATE utf8mb3_spanish_ci NOT NULL,
  `iddpt` varchar(2) CHARACTER SET utf8mb3 COLLATE utf8mb3_spanish_ci NOT NULL
) ENGINE=InnoDB DEFAULT CHARSET=utf8mb3 COLLATE=utf8mb3_spanish_ci ROW_FORMAT=DYNAMIC;

--
-- Volcado de datos para la tabla `catalogo_13_prov`
--

INSERT INTO `catalogo_13_prov` (`id`, `detalle`, `iddpt`) VALUES
('0000', 'NINGUNO', '00'),
('0101', 'CHACHAPOYAS', '01'),
('0102', 'BAGUA', '01'),
('0103', 'BONGARÁ', '01'),
('0104', 'CONDORCANQUI', '01'),
('0105', 'LUYA', '01'),
('0106', 'RODRÍGUEZ DE', '01'),
('0107', 'UTCUBAMBA', '01'),
('0201', 'HUARAZ', '02'),
('0202', 'AIJA', '02'),
('0203', 'ANTONIO RAYM', '02'),
('0204', 'ASUNCIÓN', '02'),
('0205', 'BOLOGNESI', '02'),
('0206', 'CARHUAZ', '02'),
('0207', 'CARLOS FERMÍ', '02'),
('0208', 'CASMA', '02'),
('0209', 'CORONGO', '02'),
('0210', 'HUARI', '02'),
('0211', 'HUARMEY', '02'),
('0212', 'HUAYLAS', '02'),
('0213', 'MARISCAL LUZ', '02'),
('0214', 'OCROS', '02'),
('0215', 'PALLASCA', '02'),
('0216', 'POMABAMBA', '02'),
('0217', 'RECUAY', '02'),
('0218', 'SANTA', '02'),
('0219', 'SIHUAS', '02'),
('0220', 'YUNGAY', '02'),
('0301', 'ABANCAY', '03'),
('0302', 'ANDAHUAYLAS', '03'),
('0303', 'ANTABAMBA', '03'),
('0304', 'AYMARAES', '03'),
('0305', 'COTABAMBAS', '03'),
('0306', 'CHINCHEROS', '03'),
('0307', 'GRAU', '03'),
('0401', 'AREQUIPA', '04'),
('0402', 'CAMANÁ', '04'),
('0403', 'CARAVELÍ', '04'),
('0404', 'CASTILLA', '04'),
('0405', 'CAYLLOMA', '04'),
('0406', 'CONDESUYOS', '04'),
('0407', 'ISLAY', '04'),
('0408', 'LA UNIÓN', '04'),
('0501', 'HUAMANGA', '05'),
('0502', 'CANGALLO', '05'),
('0503', 'HUANCA SANCO', '05'),
('0504', 'HUANTA', '05'),
('0505', 'LA MAR', '05'),
('0506', 'LUCANAS', '05'),
('0507', 'PARINACOCHAS', '05'),
('0508', 'PÁUCAR DEL S', '05'),
('0509', 'SUCRE', '05'),
('0510', 'VÍCTOR FAJAR', '05'),
('0511', 'VILCAS HUAMÁ', '05'),
('0601', 'CAJAMARCA', '06'),
('0602', 'CAJABAMBA', '06'),
('0603', 'CELENDÍN', '06'),
('0604', 'CHOTA', '06'),
('0605', 'CONTUMAZÁ', '06'),
('0606', 'CUTERVO', '06'),
('0607', 'HUALGAYOC', '06'),
('0608', 'JAÉN', '06'),
('0609', 'SAN IGNACIO', '06'),
('0610', 'SAN MARCOS', '06'),
('0611', 'SAN MIGUEL', '06'),
('0612', 'SAN PABLO', '06'),
('0613', 'SANTA CRUZ', '06'),
('0701', 'PROV. CONST.', '07'),
('0801', 'CUSCO', '08'),
('0802', 'ACOMAYO', '08'),
('0803', 'ANTA', '08'),
('0804', 'CALCA', '08'),
('0805', 'CANAS', '08'),
('0806', 'CANCHIS', '08'),
('0807', 'CHUMBIVILCAS', '08'),
('0808', 'ESPINAR', '08'),
('0809', 'LA CONVENCIÓN', '08'),
('0810', 'PARURO', '08'),
('0811', 'PAUCARTAMBO', '08'),
('0812', 'QUISPICANCHI', '08'),
('0813', 'URUBAMBA', '08'),
('0901', 'HUANCAVELICA', '09'),
('0902', 'ACOBAMBA', '09'),
('0903', 'ANGARAES', '09'),
('0904', 'CASTROVIRREY', '09'),
('0905', 'CHURCAMPA', '09'),
('0906', 'HUAYTARÁ', '09'),
('0907', 'TAYACAJA', '09'),
('1001', 'HUÁNUCO', '10'),
('1002', 'AMBO', '10'),
('1003', 'DOS DE MAYO', '10'),
('1004', 'HUACAYBAMBA', '10'),
('1005', 'HUAMALÍES', '10'),
('1006', 'LEONCIO PRAD', '10'),
('1007', 'MARAÑÓN', '10'),
('1008', 'PACHITEA', '10'),
('1009', 'PUERTO INCA', '10'),
('1010', 'LAURICOCHA', '10'),
('1011', 'YAROWILCA', '10'),
('1101', 'ICA', '11'),
('1102', 'CHINCHA', '11'),
('1103', 'NASCA', '11'),
('1104', 'PALPA', '11'),
('1105', 'PISCO', '11'),
('1201', 'HUANCAYO', '12'),
('1202', 'CONCEPCIÓN', '12'),
('1203', 'CHANCHAMAYO', '12'),
('1204', 'JAUJA', '12'),
('1205', 'JUNÍN', '12'),
('1206', 'SATIPO', '12'),
('1207', 'TARMA', '12'),
('1208', 'YAULI', '12'),
('1209', 'CHUPACA', '12'),
('1301', 'TRUJILLO', '13'),
('1302', 'ASCOPE', '13'),
('1303', 'BOLÍVAR', '13'),
('1304', 'CHEPÉN', '13'),
('1305', 'JULCÁN', '13'),
('1306', 'OTUZCO', '13'),
('1307', 'PACASMAYO', '13'),
('1308', 'PATAZ', '13'),
('1309', 'SÁNCHEZ CARR', '13'),
('1310', 'SANTIAGO DE', '13'),
('1311', 'GRAN CHIMÚ', '13'),
('1312', 'VIRÚ', '13'),
('1401', 'CHICLAYO', '14'),
('1402', 'FERREÑAFE', '14'),
('1403', 'LAMBAYEQUE', '14'),
('1501', 'LIMA', '15'),
('1502', 'BARRANCA', '15'),
('1503', 'CAJATAMBO', '15'),
('1504', 'CANTA', '15'),
('1505', 'CAÑETE', '15'),
('1506', 'HUARAL', '15'),
('1507', 'HUAROCHIRÍ', '15'),
('1508', 'HUAURA', '15'),
('1509', 'OYÓN', '15'),
('1510', 'YAUYOS', '15'),
('1601', 'MAYNAS', '16'),
('1602', 'ALTO AMAZONA', '16'),
('1603', 'LORETO', '16'),
('1604', 'MARISCAL RAM', '16'),
('1605', 'REQUENA', '16'),
('1606', 'UCAYALI', '16'),
('1607', 'DATEM DEL MA', '16'),
('1608', 'PUTUMAYO', '16'),
('1701', 'TAMBOPATA', '17'),
('1702', 'MANU', '17'),
('1703', 'TAHUAMANU', '17'),
('1801', 'MARISCAL NIE', '18'),
('1802', 'GENERAL SÁNC', '18'),
('1803', 'ILO', '18'),
('1901', 'PASCO', '19'),
('1902', 'DANIEL ALCID', '19'),
('1903', 'OXAPAMPA', '19'),
('2001', 'PIURA', '20'),
('2002', 'AYABACA', '20'),
('2003', 'HUANCABAMBA', '20'),
('2004', 'MORROPÓN', '20'),
('2005', 'PAITA', '20'),
('2006', 'SULLANA', '20'),
('2007', 'TALARA', '20'),
('2008', 'SECHURA', '20'),
('2101', 'PUNO', '21'),
('2102', 'AZÁNGARO', '21'),
('2103', 'CARABAYA', '21'),
('2104', 'CHUCUITO', '21'),
('2105', 'EL COLLAO', '21'),
('2106', 'HUANCANÉ', '21'),
('2107', 'LAMPA', '21'),
('2108', 'MELGAR', '21'),
('2109', 'MOHO', '21'),
('2110', 'SAN ANTONIO', '21'),
('2111', 'SAN ROMÁN', '21'),
('2112', 'SANDIA', '21'),
('2113', 'YUNGUYO', '21'),
('2201', 'MOYOBAMBA', '22'),
('2202', 'BELLAVISTA', '22'),
('2203', 'EL DORADO', '22'),
('2204', 'HUALLAGA', '22'),
('2205', 'LAMAS', '22'),
('2206', 'MARISCAL CÁCERES', '22'),
('2207', 'PICOTA', '22'),
('2208', 'RIOJA', '22'),
('2209', 'SAN MARTÍN', '22'),
('2210', 'TOCACHE', '22'),
('2301', 'TACNA', '23'),
('2302', 'CANDARAVE', '23'),
('2303', 'JORGE BASADR', '23'),
('2304', 'TARATA', '23'),
('2401', 'TUMBES', '24'),
('2402', 'CONTRALMIRAN', '24'),
('2403', 'ZARUMILLA', '24'),
('2501', 'CORONEL PORT', '25'),
('2502', 'ATALAYA', '25'),
('2503', 'PADRE ABAD', '25'),
('2504', 'PURÚS', '25');

-- --------------------------------------------------------

--
-- Estructura de tabla para la tabla `comprobantes`
--

CREATE TABLE `comprobantes` (
  `cod` varchar(2) COLLATE utf8mb3_spanish_ci NOT NULL,
  `detalle` varchar(250) COLLATE utf8mb3_spanish_ci NOT NULL,
  `estado` int NOT NULL
) ENGINE=InnoDB DEFAULT CHARSET=utf8mb3 COLLATE=utf8mb3_spanish_ci;

--
-- Volcado de datos para la tabla `comprobantes`
--

INSERT INTO `comprobantes` (`cod`, `detalle`, `estado`) VALUES
('01', 'FACTURA', 1),
('03', 'BOLETA DE VENTA', 1),
('07', 'NOTA DE CREDITO', 1),
('08', 'NOTA DE DEBITO', 1);

-- --------------------------------------------------------

--
-- Estructura de tabla para la tabla `cot`
--

CREATE TABLE `cot` (
  `IdCot` varchar(45) CHARACTER SET utf8mb3 COLLATE utf8mb3_spanish_ci NOT NULL,
  `Cod_Clte` varchar(45) CHARACTER SET utf8mb3 COLLATE utf8mb3_spanish_ci DEFAULT NULL,
  `F_Cot` varchar(45) CHARACTER SET utf8mb3 COLLATE utf8mb3_spanish_ci DEFAULT NULL,
  `Periodo` varchar(45) CHARACTER SET utf8mb3 COLLATE utf8mb3_spanish_ci DEFAULT NULL
) ENGINE=InnoDB DEFAULT CHARSET=utf8mb3 COLLATE=utf8mb3_spanish_ci;

--
-- Volcado de datos para la tabla `cot`
--

INSERT INTO `cot` (`IdCot`, `Cod_Clte`, `F_Cot`, `Periodo`) VALUES
('MC03012024', 'KB-101', '2024-03-14', '032024'),
('MC03022024', 'KB-101', '2024-03-14', '032024'),
('MC03032024', 'KB-101', '2024-03-14', '032024'),
('MC03042024', 'KB-101', '2024-03-14', '032024');

-- --------------------------------------------------------

--
-- Estructura de tabla para la tabla `detalle`
--

CREATE TABLE `detalle` (
  `id` int NOT NULL,
  `idprod` int NOT NULL,
  `cantidad` decimal(16,10) NOT NULL,
  `vunitario` decimal(16,10) NOT NULL,
  `descuento` decimal(16,10) NOT NULL,
  `igv` decimal(16,10) NOT NULL,
  `isc` decimal(16,10) NOT NULL,
  `tipAfeIgv` varchar(2) CHARACTER SET utf8mb3 COLLATE utf8mb3_spanish_ci NOT NULL,
  `tipPrecio` varchar(2) CHARACTER SET utf8mb3 COLLATE utf8mb3_spanish_ci NOT NULL,
  `punitario` decimal(16,2) NOT NULL,
  `preciototal` decimal(16,2) NOT NULL,
  `valortotal` decimal(16,2) NOT NULL,
  `porc` decimal(16,2) NOT NULL,
  `idllave` varchar(30) CHARACTER SET utf8mb3 COLLATE utf8mb3_spanish_ci NOT NULL
) ENGINE=InnoDB DEFAULT CHARSET=utf8mb3 COLLATE=utf8mb3_spanish_ci ROW_FORMAT=DYNAMIC;

--
-- Volcado de datos para la tabla `detalle`
--

INSERT INTO `detalle` (`id`, `idprod`, `cantidad`, `vunitario`, `descuento`, `igv`, `isc`, `tipAfeIgv`, `tipPrecio`, `punitario`, `preciototal`, `valortotal`, `porc`, `idllave`) VALUES
(1130, 1, '1.0000000000', '42.3700000000', '0.0000000000', '7.6300000000', '0.0000000000', '10', '01', '50.00', '50.00', '42.37', '18.00', '20601733022-01-F001-00000001'),
(1131, 1, '1.0000000000', '42.3700000000', '0.0000000000', '7.6300000000', '0.0000000000', '10', '01', '50.00', '50.00', '42.37', '18.00', '20601733022-01-F001-00000002'),
(1132, 1, '1.0000000000', '42.3700000000', '0.0000000000', '7.6300000000', '0.0000000000', '10', '01', '50.00', '50.00', '42.37', '18.00', '20601733022-01-F001-00000003'),
(1133, 2, '1.0000000000', '100.0000000000', '0.0000000000', '0.0000000000', '0.0000000000', '20', '01', '100.00', '100.00', '100.00', '0.00', '20601733022-01-F001-00000004'),
(1134, 1, '1.0000000000', '42.3700000000', '0.0000000000', '7.6300000000', '0.0000000000', '10', '01', '50.00', '50.00', '42.37', '18.00', '20601733022-01-F001-00000068'),
(1135, 3, '1.0000000000', '90.6800000000', '0.0000000000', '16.3200000000', '0.0000000000', '10', '01', '107.00', '107.00', '90.68', '18.00', '20601733022-01-F001-00000069'),
(1136, 3, '1.0000000000', '90.6800000000', '0.0000000000', '16.3200000000', '0.0000000000', '10', '01', '107.00', '107.00', '90.68', '18.00', '20601733022-07-FC01-00000001'),
(1137, 2, '1.0000000000', '100.0000000000', '0.0000000000', '0.0000000000', '0.0000000000', '20', '01', '100.00', '100.00', '100.00', '0.00', '20601733022-03-BB01-00000001'),
(1138, 1, '1.0000000000', '42.3700000000', '0.0000000000', '7.6300000000', '0.0000000000', '10', '01', '50.00', '50.00', '42.37', '18.00', '20601733022-01-F001-00000070'),
(1139, 1, '1.0000000000', '42.3700000000', '0.0000000000', '7.6300000000', '0.0000000000', '10', '01', '50.00', '50.00', '42.37', '18.00', '20601733022-01-F001-00000071'),
(1140, 1, '1.0000000000', '42.3700000000', '0.0000000000', '7.6300000000', '0.0000000000', '10', '01', '50.00', '50.00', '42.37', '18.00', '20601733022-01-F001-00000072'),
(1141, 3, '1.0000000000', '90.6800000000', '0.0000000000', '16.3200000000', '0.0000000000', '10', '01', '107.00', '107.00', '90.68', '18.00', '20601733022-01-F001-00000073'),
(1142, 2, '1.0000000000', '100.0000000000', '0.0000000000', '0.0000000000', '0.0000000000', '20', '01', '100.00', '100.00', '100.00', '0.00', '20601733022-01-F001-00000074'),
(1143, 1, '1.0000000000', '42.3700000000', '0.0000000000', '7.6300000000', '0.0000000000', '10', '01', '50.00', '50.00', '42.37', '18.00', '20601733022-01-F001-00000075'),
(1146, 8, '1.0000000000', '330.5100000000', '0.0000000000', '59.4900000000', '0.0000000000', '10', '01', '390.00', '390.00', '330.51', '18.00', '20601733022-01-F001-00000076'),
(1147, 1, '1.0000000000', '42.3700000000', '0.0000000000', '7.6300000000', '0.0000000000', '10', '01', '50.00', '50.00', '42.37', '18.00', '20601733022-08-FD01-00000001'),
(1148, 1, '1.0000000000', '42.3700000000', '0.0000000000', '7.6300000000', '0.0000000000', '10', '01', '50.00', '50.00', '42.37', '18.00', '20601733022-01-F001-00000077');

-- --------------------------------------------------------

--
-- Estructura de tabla para la tabla `det_cot`
--

CREATE TABLE `det_cot` (
  `Id_Cot` varchar(45) CHARACTER SET utf8mb4 COLLATE utf8mb4_spanish_ci NOT NULL,
  `Item` varchar(45) CHARACTER SET utf8mb4 COLLATE utf8mb4_spanish_ci DEFAULT NULL,
  `Cod_Pro` varchar(45) CHARACTER SET utf8mb4 COLLATE utf8mb4_spanish_ci DEFAULT NULL,
  `Can_pro` varchar(45) CHARACTER SET utf8mb4 COLLATE utf8mb4_spanish_ci DEFAULT NULL,
  `P_Venta` varchar(45) CHARACTER SET utf8mb4 COLLATE utf8mb4_spanish_ci DEFAULT NULL
) ENGINE=InnoDB DEFAULT CHARSET=utf8mb4 COLLATE=utf8mb4_spanish_ci;

--
-- Volcado de datos para la tabla `det_cot`
--

INSERT INTO `det_cot` (`Id_Cot`, `Item`, `Cod_Pro`, `Can_pro`, `P_Venta`) VALUES
('MC03012024', '01', 'KB-0001', '10', '63.1578947368421'),
('MC03022024', '01', 'KB-0127', '20', '1.48381894736842'),
('MC03032024', '01', 'KB-0169', '30', '2.14784842105263'),
('MC03032024', '01', 'KB-0169', '30', '2.14784842105263'),
('MC03042024', '01', 'KB-0169', '30', '2.14784842105263');

-- --------------------------------------------------------

--
-- Estructura de tabla para la tabla `numeracion`
--

CREATE TABLE `numeracion` (
  `id` int NOT NULL,
  `serie` varchar(4) COLLATE utf8mb3_spanish_ci NOT NULL,
  `numero` int NOT NULL,
  `idcomp` varchar(2) COLLATE utf8mb3_spanish_ci NOT NULL
) ENGINE=InnoDB DEFAULT CHARSET=utf8mb3 COLLATE=utf8mb3_spanish_ci;

--
-- Volcado de datos para la tabla `numeracion`
--

INSERT INTO `numeracion` (`id`, `serie`, `numero`, `idcomp`) VALUES
(1, 'F001', 1, '01'),
(2, 'B001', 1, '03'),
(3, 'F002', 2, '01');

-- --------------------------------------------------------

--
-- Estructura de tabla para la tabla `resumen`
--

CREATE TABLE `resumen` (
  `id` int NOT NULL,
  `llave` varchar(30) CHARACTER SET utf8mb3 COLLATE utf8mb3_spanish_ci NOT NULL,
  `fechaem` date NOT NULL,
  `fechaven` date NOT NULL,
  `hora` datetime NOT NULL,
  `idcliente` int NOT NULL,
  `idmon` varchar(3) CHARACTER SET utf8mb3 COLLATE utf8mb3_spanish_ci NOT NULL,
  `idpago` varchar(2) CHARACTER SET utf8mb3 COLLATE utf8mb3_spanish_ci NOT NULL,
  `subtotal` decimal(16,2) NOT NULL,
  `igv` decimal(16,2) NOT NULL,
  `total` decimal(16,2) NOT NULL,
  `cdr` int NOT NULL,
  `anu` int NOT NULL,
  `docref` varchar(30) CHARACTER SET utf8mb3 COLLATE utf8mb3_spanish_ci NOT NULL,
  `cat09` varchar(2) CHARACTER SET utf8mb3 COLLATE utf8mb3_spanish_ci NOT NULL,
  `cat10` varchar(2) CHARACTER SET utf8mb3 COLLATE utf8mb3_spanish_ci NOT NULL,
  `idnum` int NOT NULL,
  `errores` blob,
  `nticket` varchar(50) CHARACTER SET utf8mb3 COLLATE utf8mb3_spanish_ci DEFAULT NULL
) ENGINE=InnoDB DEFAULT CHARSET=utf8mb3 COLLATE=utf8mb3_spanish_ci ROW_FORMAT=DYNAMIC;

-- --------------------------------------------------------

--
-- Estructura de tabla para la tabla `tclte`
--

CREATE TABLE `tclte` (
  `id_clte` int NOT NULL,
  `cod_clte` varchar(7) CHARACTER SET utf8mb4 COLLATE utf8mb4_spanish_ci DEFAULT NULL,
  `t_doc` varchar(3) CHARACTER SET utf8mb4 COLLATE utf8mb4_spanish_ci DEFAULT NULL,
  `n_doc` varchar(11) CHARACTER SET utf8mb4 COLLATE utf8mb4_spanish_ci DEFAULT NULL,
  `r_social` varchar(100) CHARACTER SET utf8mb4 COLLATE utf8mb4_spanish_ci DEFAULT NULL,
  `dir_clte` varchar(150) CHARACTER SET utf8mb4 COLLATE utf8mb4_spanish2_ci DEFAULT NULL,
  `telefono` varchar(9) CHARACTER SET utf8mb4 COLLATE utf8mb4_spanish_ci DEFAULT NULL,
  `email` varchar(100) CHARACTER SET utf8mb4 COLLATE utf8mb4_spanish_ci DEFAULT NULL,
  `contacto` varchar(100) CHARACTER SET utf8mb4 COLLATE utf8mb4_spanish_ci DEFAULT NULL,
  `ubigeo` varchar(6) CHARACTER SET utf8mb4 COLLATE utf8mb4_spanish_ci DEFAULT NULL
) ENGINE=InnoDB DEFAULT CHARSET=utf8mb4 COLLATE=utf8mb4_spanish_ci;

--
-- Volcado de datos para la tabla `tclte`
--

INSERT INTO `tclte` (`id_clte`, `cod_clte`, `t_doc`, `n_doc`, `r_social`, `dir_clte`, `telefono`, `email`, `contacto`, `ubigeo`) VALUES
(1, 'KB-101', 'RUC', '20606145030', 'MEGA KB E.I.R.L.', 'AV. JESUS NRO. 322 URB. CERCADO DE MARIANO MELGAR AREQUIPA AREQUIPA AREQUIPA', '916185074', 'INF.MEGAKB@GMAIL.COM', 'ALBERTO', '040101'),
(2, 'KB-102', 'DNI', '10863664', 'BERTHA BEATRIZ RUGEL RIVADENEYRA', 'AREQUIPA', '984990155', 'BBRUGEL@GMAIL.COM', 'BETY', '-'),
(3, 'KB-103', 'DNI', '10863695', 'NICKL IVAN MEZA CAMAYO', '-', '96552141', '-', '-', '-'),
(4, 'KB-104', 'DNI', '10253654', 'YANINA ADITA ARENAS ALANYA', 'AREQUIPA', '65254412', '-', '-', '-'),
(5, 'KB-105', 'DNI', '10863698', 'RUBEN DARIO VIDAL TERRY', '-', '-', '-', '-', '-'),
(8, 'KB-108', 'RUC', '12358452148', '515151', '-', '-', '-', '-', '-'),
(9, 'KB-109', 'DNI', '1236547', '51515', '-', '-', '-', '-', '-'),
(10, 'KB-110', 'DNI', '10863665', 'JORGE LUIS SILVA PEREZ', 'AQP', '947243542', 'A@A.COM', 'JORGE', '040101'),
(11, 'KB-111', 'RUC', '12365478514', '515151', '-', '-', '-', '-', '-'),
(12, 'KB-112', 'DNI', '1086365221', '151515', '-', '-', '-', '-', '-'),
(13, 'KB-113', 'DNI', '10862541', '1515151', '-', '-', '-', '-', '-'),
(14, 'KB-114', 'DNI', '15525484', '55555', 'AREQUIPA', '-', '-', '-', '-'),
(15, 'KB-115', 'RUC', '20606145030', 'MEGA KB E.I.R.L.', 'AV. JESUS NRO. 322 URB. CERCADO DE MARIANO MELGAR AREQUIPA AREQUIPA AREQUIPA', '-', '-', '-', '040101'),
(16, 'KB-116', 'RUC', '20606145030', 'MEGA KB E.I.R.L.', 'AV. JESUS NRO. 322 URB. CERCADO DE MARIANO MELGAR AREQUIPA AREQUIPA AREQUIPA', '916185074', 'JHJHJHJHJHJH', '-', '040101'),
(17, 'KB-117', 'RUC', '20606145030', 'MEGA KB E.I.R.L.', 'AV. JESUS NRO. 322 URB. CERCADO DE MARIANO MELGAR AREQUIPA AREQUIPA AREQUIPA', '916185074', '1515', '-', '040101'),
(18, 'KB-118', 'RUC', '20513469129', 'ANDEAN EXPERIENCE S.A.C.', 'AV. SAENZ PEÑA NRO. 214 LIMA LIMA BARRANCO', '915488554', '-', '-', '150104'),
(20, 'KB-120', 'RUC', '20606145030', 'MEGA KB E.I.R.L.', 'AV. JESUS NRO. 322 URB. CERCADO DE MARIANO MELGAR AREQUIPA AREQUIPA AREQUIPA', '916185074', '-', '-', '040101'),
(21, 'KB-121', 'DNI', '10863695', 'NICKL IVAN MEZA CAMAYO', '-', '916185074', '-', '-', '-'),
(22, 'KB-122', 'RUC', '20601733022', 'DESARROLLO DE SISTEMAS INTEGRADOS DE GESTION PERU SOCIEDAD ANONIMA CERRADA - DSIG PERU S.A.C.', 'AV. BRASIL MZA. B LOTE. 4 P.J. LA UNION AREQUIPA AREQUIPA SOCABAYA', '', '-', '-', '040122');

-- --------------------------------------------------------

--
-- Estructura de tabla para la tabla `tingreso`
--

CREATE TABLE `tingreso` (
  `id_comp` int NOT NULL,
  `f_registro` date DEFAULT NULL,
  `f_movimiento` date DEFAULT NULL,
  `cod_prov` varchar(7) CHARACTER SET utf8mb3 COLLATE utf8mb3_spanish_ci DEFAULT NULL,
  `Item` varchar(45) CHARACTER SET utf8mb3 COLLATE utf8mb3_general_ci DEFAULT NULL,
  `id_pro` int DEFAULT NULL,
  `can_ingreso` varchar(45) CHARACTER SET utf8mb3 COLLATE utf8mb3_spanish_ci DEFAULT NULL,
  `p_compra` varchar(45) CHARACTER SET utf8mb3 COLLATE utf8mb3_spanish_ci DEFAULT NULL,
  `v_total` varchar(45) CHARACTER SET utf8mb3 COLLATE utf8mb3_spanish_ci DEFAULT NULL,
  `t_mov` varchar(45) CHARACTER SET utf8mb3 COLLATE utf8mb3_spanish_ci DEFAULT NULL,
  `comprobante` varchar(45) CHARACTER SET utf8mb3 COLLATE utf8mb3_spanish_ci DEFAULT NULL,
  `serie` varchar(45) CHARACTER SET utf8mb3 COLLATE utf8mb3_spanish_ci DEFAULT NULL,
  `correlativo` varchar(45) CHARACTER SET utf8mb3 COLLATE utf8mb3_spanish_ci DEFAULT NULL,
  `guia_nota` varchar(45) CHARACTER SET utf8mb3 COLLATE utf8mb3_spanish_ci DEFAULT NULL,
  `forma_pago` varchar(45) CHARACTER SET utf8mb3 COLLATE utf8mb3_spanish_ci DEFAULT NULL,
  `fecha_pago` varchar(45) CHARACTER SET utf8mb3 COLLATE utf8mb3_spanish_ci DEFAULT NULL,
  `num_operacion` varchar(45) CHARACTER SET utf8mb3 COLLATE utf8mb3_spanish_ci DEFAULT NULL
) ENGINE=InnoDB DEFAULT CHARSET=utf8mb3 COLLATE=utf8mb3_spanish_ci;

--
-- Volcado de datos para la tabla `tingreso`
--

INSERT INTO `tingreso` (`id_comp`, `f_registro`, `f_movimiento`, `cod_prov`, `Item`, `id_pro`, `can_ingreso`, `p_compra`, `v_total`, `t_mov`, `comprobante`, `serie`, `correlativo`, `guia_nota`, `forma_pago`, `fecha_pago`, `num_operacion`) VALUES
(1, '2024-03-05', '2024-03-05', '4', '1', 11, '20', '15.03084', '300.6168', 'VENTA', 'FACTURA', 'E001', '10258', 'EG07-123456', 'EFECTIVO', '2024-03-05', '123456789'),
(2, '2024-03-05', '2024-03-05', '4', '2', 17, '50', '137.657226666667', '6882.86133333333', 'VENTA', 'FACTURA', 'E001', '10258', 'EG07-123456', 'EFECTIVO', '2024-03-05', '123456789'),
(3, '2024-03-05', '2024-03-05', '4', '3', 2, '80', '41.2417866666667', '3299.34293333333', 'VENTA', 'FACTURA', 'E001', '10258', 'EG07-123456', 'EFECTIVO', '2024-03-05', '123456789'),
(4, '2024-03-05', '2024-03-05', '4', '4', 19, '50', '498.215666666667', '24910.7833333333', 'VENTA', 'FACTURA', 'E001', '10258', 'EG07-123456', 'EFECTIVO', '2024-03-05', '123456789'),
(5, '2024-03-05', '2024-03-05', '4', '5', 3, '30', '71.2948133333333', '2138.8444', 'VENTA', 'FACTURA', 'E001', '10258', 'EG07-123456', 'EFECTIVO', '2024-03-05', '123456789'),
(6, '2024-03-05', '2024-03-05', '4', '6', 819, '30', '30', '900', 'VENTA', 'FACTURA', 'E001', '10258', 'EG07-123456', 'EFECTIVO', '2024-03-05', '123456789'),
(7, '2024-03-05', '2024-03-05', '4', '1', 11, '20', '15.03084', '300.6168', 'VENTA', 'FACTURA', 'E001', '10258', 'EG07-123456', 'EFECTIVO', '2024-03-05', '123456789'),
(8, '2024-03-05', '2024-03-05', '4', '2', 12, '10', '20.8978', '208.978', 'VENTA', 'FACTURA', 'E001', '10258', 'EG07-123456', 'EFECTIVO', '2024-03-05', '123456789'),
(9, '2024-03-05', '2024-03-05', '4', '1', 1, '10', '66.6666666666667', '666.666666666667', 'VENTA', 'FACTURA', 'E001', '10258', 'EG07-123456', 'EFECTIVO', '2024-03-05', '123456789'),
(10, '2024-03-05', '2024-03-05', '4', '2', 2402, '50', '111.111111111111', '5555.55555555556', 'VENTA', 'FACTURA', 'E001', '10258', 'EG07-123456', 'EFECTIVO', '2024-03-05', '123456789'),
(11, '2024-03-05', '2024-03-05', '4', '1', 1, '10', '66.6666666666667', '666.666666666667', 'VENTA', 'FACTURA', 'E001', '10258', 'EG07-123456', 'EFECTIVO', '2024-03-05', '123456789'),
(12, '2024-03-05', '2024-03-05', '4', '2', 2402, '50', '111.111111111111', '5555.55555555556', 'VENTA', 'FACTURA', 'E001', '10258', 'EG07-123456', 'EFECTIVO', '2024-03-05', '123456789'),
(13, '2024-03-07', '2024-03-05', '1', '1', 1, '30', '66.6666666666667', '2000', 'VENTA', 'FACTURA', 'E001', '10258', 'EG07-123456', 'EFECTIVO', '2024-03-05', '123456789');

-- --------------------------------------------------------

--
-- Estructura de tabla para la tabla `tmarcas`
--

CREATE TABLE `tmarcas` (
  `id_mar` int NOT NULL,
  `marca` varchar(50) CHARACTER SET utf8mb4 COLLATE utf8mb4_spanish_ci NOT NULL
) ENGINE=InnoDB DEFAULT CHARSET=utf8mb4 COLLATE=utf8mb4_spanish_ci;

--
-- Volcado de datos para la tabla `tmarcas`
--

INSERT INTO `tmarcas` (`id_mar`, `marca`) VALUES
(1, 'PAVCO'),
(2, 'PLASTISUR'),
(3, 'TIGRE'),
(4, 'SALADILLO'),
(5, 'IPS'),
(6, 'TUBOPLAS'),
(7, 'KOPLAST'),
(8, 'ROTOPLAS'),
(9, 'ITALGRIF'),
(10, 'LESSO'),
(11, 'ERA'),
(12, 'OATEY'),
(13, 'CIM'),
(14, 'PCP'),
(15, 'ESSETI'),
(16, 'MAGNUM'),
(17, 'C&A'),
(18, 'FV'),
(19, 'MV'),
(20, 'INYECTOPLPAST'),
(21, 'NICOLL'),
(22, 'SANKING');

-- --------------------------------------------------------

--
-- Estructura de tabla para la tabla `tproductos`
--

CREATE TABLE `tproductos` (
  `id_pro` int NOT NULL,
  `cod_pro` varchar(10) CHARACTER SET utf8mb4 COLLATE utf8mb4_spanish_ci NOT NULL,
  `des_pro` varchar(150) CHARACTER SET utf8mb4 COLLATE utf8mb4_spanish_ci NOT NULL,
  `p_compra` double NOT NULL,
  `inicial` int NOT NULL,
  `cod_prov` int NOT NULL,
  `id_mar` int DEFAULT NULL
) ENGINE=InnoDB DEFAULT CHARSET=utf8mb4 COLLATE=utf8mb4_spanish_ci;

--
-- Volcado de datos para la tabla `tproductos`
--

INSERT INTO `tproductos` (`id_pro`, `cod_pro`, `des_pro`, `p_compra`, `inicial`, `cod_prov`, `id_mar`) VALUES
(1, 'KB-0001', 'TB CPVC 1/2\" X 5M PAVCO', 54, 0, 0, 1),
(2, 'KB-0002', 'TB CPVC 3/4\" X 5M PAVCO', 35, 0, 0, 1),
(3, 'KB-0003', 'TB CPVC 1\" X 5M PAVCO', 64.165332, 0, 0, 1),
(4, 'KB-0004', 'TB P/AGUA C-10 C/ROSCA 1/2\" X 5M PAVCO', 16.253556, 0, 0, 1),
(5, 'KB-0005', 'TB P/AGUA C-10 C/ROSCA 3/4\" X 5M PAVCO', 21.985524, 0, 0, 1),
(6, 'KB-0006', 'TB P/AGUA C-10 C/ROSCA 1\" X 5M PAVCO', 32.024256, 0, 0, 1),
(7, 'KB-0007', 'TB P/AGUA C-10 C/ROSCA 1 1/4\" X 5M PAVCO', 49.601772, 0, 0, 1),
(8, 'KB-0008', 'TB P/AGUA C-10 C/ROSCA 1 1/2\" X 5M PAVCO', 57.28074, 0, 0, 1),
(9, 'KB-0009', 'TB P/AGUA C-10 C/ROSCA 2\" X 5M PAVCO', 84.85026, 0, 0, 1),
(10, 'KB-0010', 'TB P/AGUA C-10 SP 1/2\" X 5M PAVCO', 10.194492, 0, 0, 1),
(11, 'KB-0011', 'TB P/AGUA C-10 SP 3/4\" X 5M PAVCO', 13.527756, 0, 0, 1),
(12, 'KB-0012', 'TB P/AGUA C-10 SP 1\" X 5M PAVCO', 18.80802, 0, 0, 1),
(13, 'KB-0013', 'TB P/AGUA C-10 SP 1 1/4\" X 5M PAVCO', 27.546156, 0, 0, 1),
(14, 'KB-0014', 'TB P/AGUA C-10 SP 1 1/2\" X 5M PAVCO', 37.397976, 0, 0, 1),
(15, 'KB-0015', 'TB P/AGUA C-10 SP 2\" X 5M PAVCO', 58.807188, 0, 0, 1),
(16, 'KB-0016', 'TB P/AGUA C-10 SP 2 1/2\" X 5M PAVCO', 85.130628, 0, 0, 1),
(17, 'KB-0017', 'TB P/AGUA C-10 SP 3\" X 5M PAVCO', 123.891504, 0, 0, 1),
(18, 'KB-0018', 'TB P/AGUA C-10 SP 4\" X 5M PAVCO', 205.385136, 0, 0, 1),
(19, 'KB-0019', 'TB P/AGUA C-10 SP 6\" X 5M PAVCO', 448.3941, 0, 0, 1),
(20, 'KB-0020', 'TB PVC SAL CL 1 1/2\" X 3M PAVCO', 11.829972, 0, 0, 1),
(21, 'KB-0021', 'TB PVC SAL CL 2\" X 3M PAVCO', 12.624348, 0, 0, 1),
(22, 'KB-0022', 'TB PVC SAL CL 3\" X 3M PAVCO', 29.493156, 0, 0, 1),
(23, 'KB-0023', 'TB PVC SAL CL 4\" X 3M PAVCO', 30.271956, 0, 0, 1),
(24, 'KB-0024', 'TB PVC SAL CL 6\" X 5M PAVCO', 165.058872, 0, 0, 1),
(25, 'KB-0025', 'TB PVC SAL CP 2\" X 3M PAVCO', 19.804884, 0, 0, 1),
(26, 'KB-0026', 'TB PVC SAL CP 3\" X 3M PAVCO', 34.804572, 0, 0, 1),
(27, 'KB-0027', 'TB PVC SAL CP 4\" X 3M PAVCO', 58.885068, 0, 0, 1),
(28, 'KB-0028', 'TB PVC SAL CP 6\" X 5M PAVCO', 269.908716, 0, 0, 1),
(29, 'KB-0029', 'TB PVC LUZ SEL 1/2\" X 3M PAVCO', 4.275612, 0, 0, 1),
(30, 'KB-0030', 'TB PVC LUZ SEL 5/8\" X 3M PAVCO', 5.038836, 0, 0, 1),
(31, 'KB-0031', 'TB PVC LUZ SEL 3/4\" X 3M PAVCO', 4.501464, 0, 0, 1),
(32, 'KB-0032', 'TB PVC LUZ SEL 1\" X 3M PAVCO', 6.93132, 0, 0, 1),
(33, 'KB-0033', 'TB PVC LUZ SEL 1 1/4\" X 3M PAVCO', 8.5668, 0, 0, 1),
(34, 'KB-0034', 'TB PVC LUZ SEL 1 1/2\" X 3M PAVCO', 13.722456, 0, 0, 1),
(35, 'KB-0035', 'TB PVC LUZ SEL 2\" X 3M PAVCO', 17.008992, 0, 0, 1),
(36, 'KB-0036', 'TB PVC LUZ SAP 1/2\" X 3M PAVCO', 6.8145, 0, 0, 1),
(37, 'KB-0037', 'TB PVC LUZ SAP 3/4\" X 3M PAVCO', 8.777076, 0, 0, 1),
(38, 'KB-0038', 'TB PVC LUZ SAP 1\" X 3M PAVCO', 11.339328, 0, 0, 1),
(39, 'KB-0039', 'TB PVC LUZ SAP 1 1/4\" X 3M PAVCO', 15.996552, 0, 0, 1),
(40, 'KB-0040', 'TB PVC LUZ SAP 1 1/2\" X 3M PAVCO', 21.167784, 0, 0, 1),
(41, 'KB-0041', 'TB PVC LUZ SAP 2\" X 3M PAVCO', 36.728208, 0, 0, 1),
(42, 'KB-0042', 'TB PVC LUZ SAP 2 1/2\" X 3M PAVCO', 48.745092, 0, 0, 1),
(43, 'KB-0043', 'TB PVC LUZ SAP 3\" X 3M PAVCO', 64.772796, 0, 0, 1),
(44, 'KB-0044', 'TB PVC LUZ SAP 4\" X 3M PAVCO', 88.876656, 0, 0, 1),
(45, 'KB-0045', 'TB P/AGUA C-5 SP 2\" X 5M PAVCO', 46.657908, 0, 0, 1),
(46, 'KB-0046', 'TB P/AGUA C-5 SP 2 1/2\" X 5M PAVCO', 44.173536, 0, 0, 1),
(47, 'KB-0047', 'TB P/AGUA C-5 SP 3\" X 5M PAVCO', 65.442564, 0, 0, 1),
(48, 'KB-0048', 'TB P/AGUA C-5 SP 4\" X 5M PAVCO', 107.287488, 0, 0, 1),
(49, 'KB-0049', 'TB P/AGUA C-5 SP 6\" X 5M PAVCO', 231.607332, 0, 0, 1),
(50, 'KB-0050', 'TB P/AGUA C-7.5 SP 1 1/2\" X 5M PAVCO', 29.539884, 0, 0, 1),
(51, 'KB-0051', 'TB P/AGUA C-7.5 SP 2\" X 5M PAVCO', 45.1704, 0, 0, 1),
(52, 'KB-0052', 'TB P/AGUA C-7.5 SP 2 1/2\" X 5M PAVCO', 63.129528, 0, 0, 1),
(53, 'KB-0053', 'TB P/AGUA C-7.5 SP 3\" X 5M PAVCO', 94.086828, 0, 0, 1),
(54, 'KB-0054', 'TB P/AGUA C-7.5 SP 4\" X 5M PAVCO', 155.238204, 0, 0, 1),
(55, 'KB-0055', 'TB P/AGUA C-7.5 SP 6\" X 5M PAVCO', 340.382328, 0, 0, 1),
(56, 'KB-0056', 'TB P/AGUA C-15 SP 1 1/2\" X 6M PAVCO', 52.436604, 0, 0, 1),
(57, 'KB-0057', 'TB P/AGUA C-15 SP 2\" X 7M PAVCO', 83.261508, 0, 0, 1),
(58, 'KB-0058', 'TB P/AGUA C-15 SP 2 1/2\" X 8M PAVCO', 119.397828, 0, 0, 1),
(59, 'KB-0059', 'TB P/AGUA C-15 SP 3\" X 9M PAVCO', 175.868616, 0, 0, 1),
(60, 'KB-0060', 'TB P/AGUA C-15 SP 4\" X 10M PAVCO', 292.197972, 0, 0, 1),
(61, 'KB-0061', 'TB P/AGUA UF C-5 63MM X 6M ISO 1452 C/A PAVCO', 28.955784, 0, 0, 1),
(62, 'KB-0062', 'TB P/AGUA UF C-5 75MM X 6M ISO 1452 C/A PAVCO', 40.851954, 0, 0, 1),
(63, 'KB-0063', 'TB P/AGUA UF C-5 90MM X 6M ISO 1452 C/A PAVCO', 56.544774, 0, 0, 1),
(64, 'KB-0064', 'TB P/AGUA UF C-5 110MM X 6M ISO 1452 C/A PAVCO', 82.311372, 0, 0, 1),
(65, 'KB-0065', 'TB P/AGUA UF C-5 140MM X 6M ISO 1452 C/A PAVCO', 134.249544, 0, 0, 1),
(66, 'KB-0066', 'TB P/AGUA UF C-5 160MM X 6M ISO 1452 C/A PAVCO', 173.38035, 0, 0, 1),
(67, 'KB-0067', 'TB P/AGUA UF C-5 200MM X 6M ISO 1452 C/A PAVCO', 268.828131, 0, 0, 1),
(68, 'KB-0068', 'TB P/AGUA UF C-5 250MM X 6M ISO 1452 C/A PAVCO', 422.668389, 0, 0, 1),
(69, 'KB-0069', 'TB P/AGUA UF C-5 315MM X 6M ISO 1452 C/A PAVCO', 658.415043, 0, 0, 1),
(70, 'KB-0070', 'TB P/AGUA UF C-5 355MM X 6M ISO 1452 C/A PAVCO', 822.35439, 0, 0, 1),
(71, 'KB-0071', 'TB P/AGUA UF C-5 400MM X 6M ISO 1452 C/A PAVCO', 1595.453574, 0, 0, 1),
(72, 'KB-0072', 'TB P/AGUA UF C-5 450MM X 6M ISO 1452 C/A PAVCO', 1299.846405, 0, 0, 1),
(73, 'KB-0073', 'TB P/AGUA UF C-5 500MM X 6M ISO 1452 C/A PAVCO', 1681.004754, 0, 0, 1),
(74, 'KB-0074', 'TB P/AGUA UF C-5 630MM X 6M ISO 1452 C/A PAVCO', 2507.05455, 0, 0, 1),
(75, 'KB-0075', 'TB P/AGUA UF C-7.5 63MM X 6M ISO 1452 C/A PAVCO', 39.814203, 0, 0, 1),
(76, 'KB-0076', 'TB P/AGUA UF C-7.5 75MM X 6M ISO 1452 C/A PAVCO', 55.836066, 0, 0, 1),
(77, 'KB-0077', 'TB P/AGUA UF C-7.5 90MM X 6M ISO 1452 C/A PAVCO', 79.198119, 0, 0, 1),
(78, 'KB-0078', 'TB P/AGUA UF C-7.5 110MM X 6M ISO 1452 C/A PAVCO', 117.873327, 0, 0, 1),
(79, 'KB-0079', 'TB P/AGUA UF C-7.5 140MM X 6M ISO 1452 C/A PAVCO', 186.693936, 0, 0, 1),
(80, 'KB-0080', 'TB P/AGUA UF C-7.5 160MM X 6M ISO 1452 C/A PAVCO', 246.858183, 0, 0, 1),
(81, 'KB-0081', 'TB P/AGUA UF C-7.5 200MM X 6M ISO 1452 C/A PAVCO', 385.764951, 0, 0, 1),
(82, 'KB-0082', 'TB P/AGUA UF C-7.5 250MM X 6M ISO 1452 C/A PAVCO', 609.843234, 0, 0, 1),
(83, 'KB-0083', 'TB P/AGUA UF C-7.5 315MM X 6M ISO 1452 C/A PAVCO', 939.392454, 0, 0, 1),
(84, 'KB-0084', 'TB P/AGUA UF C-7.5 355MM X 6M ISO 1452 C/A PAVCO', 1164.306, 0, 0, 1),
(85, 'KB-0085', 'TB P/AGUA UF C-7.5 400MM X 6M ISO 1452 C/A PAVCO', 1526.708898, 0, 0, 1),
(86, 'KB-0086', 'TB P/AGUA UF C-7.5 450MM X 6M ISO 1452 C/A PAVCO', 1963.526136, 0, 0, 1),
(87, 'KB-0087', 'TB P/AGUA UF C-7.5 500MM X 6M ISO 1452 C/A PAVCO', 2302.896024, 0, 0, 1),
(88, 'KB-0088', 'TB P/AGUA UF C-7.5 630MM X 6M ISO 1452 C/A PAVCO', 3658.502562, 0, 0, 1),
(89, 'KB-0089', 'TB P/AGUA UF C-10 63MM X 6M ISO 1452 C/A PAVCO', 49.761426, 0, 0, 1),
(90, 'KB-0090', 'TB P/AGUA UF C-10 75MM X 6M ISO 1452 C/A PAVCO', 71.174532, 0, 0, 1),
(91, 'KB-0091', 'TB P/AGUA UF C-10 90MM X 6M ISO 1452 C/A PAVCO', 99.700029, 0, 0, 1),
(92, 'KB-0092', 'TB P/AGUA UF C-10 110MM X 6M ISO 1452 C/A PAVCO', 149.461455, 0, 0, 1),
(93, 'KB-0093', 'TB P/AGUA UF C-10 140MM X 6M ISO 1452 C/A PAVCO', 241.871916, 0, 0, 1),
(94, 'KB-0094', 'TB P/AGUA UF C-10 160MM X 6M ISO 1452 C/A PAVCO', 312.666783, 0, 0, 1),
(95, 'KB-0095', 'TB P/AGUA UF C-10 200MM X 6M ISO 1452 C/A PAVCO', 498.272346, 0, 0, 1),
(96, 'KB-0096', 'TB P/AGUA UF C-10 250MM X 6M ISO 1452 C/A PAVCO', 775.503729, 0, 0, 1),
(97, 'KB-0097', 'TB P/AGUA UF C-10 315MM X 6M ISO 1452 C/A PAVCO', 1217.357856, 0, 0, 1),
(98, 'KB-0098', 'TB P/AGUA UF C-15 63MM X 6M ISO 1452 C/A PAVCO', 69.149652, 0, 0, 1),
(99, 'KB-0099', 'TB P/AGUA UF C-15 75MM X 6M ISO 1452 C/A PAVCO', 105.470937, 0, 0, 1),
(100, 'KB-0100', 'TB P/AGUA UF C-15 90MM X 6M ISO 1452 C/A PAVCO', 139.944519, 0, 0, 1),
(101, 'KB-0101', 'TB P/AGUA UF C-15 110MM X 6M ISO 1452 C/A PAVCO', 209.018238, 0, 0, 1),
(102, 'KB-0102', 'TB P/AGUA UF C-15 160MM X 6M ISO 1452 C/A PAVCO', 442.259103, 0, 0, 1),
(103, 'KB-0103', 'TB P/AGUA UF C-15 200MM X 6M ISO 1452 C/A PAVCO', 702.88647, 0, 0, 1),
(104, 'KB-0104', 'TB P/AGUA UF C-15 250MM X 6M ISO 1452 C/A PAVCO', 1078.046112, 0, 0, 1),
(105, 'KB-0105', 'TB P/AGUA UF C-15 315MM X 6M ISO 1452 C/A PAVCO', 1883.847108, 0, 0, 1),
(106, 'KB-0106', 'TB ALCANT. UF SN8/S-16.7 400MM X 6M ISO 4435 C/A PAVCO', 1255.855887, 0, 0, 1),
(107, 'KB-0107', 'TB ALCANT. UF SN8/S-16.7 630MM X 6M ISO 4435 C/A PAVCO', 3112.797402, 0, 0, 1),
(108, 'KB-0108', 'TB ALCANT. UF SN4/S-20 110MM X 6M ISO 4435 C/A PAVCO', 95.219982, 0, 0, 1),
(109, 'KB-0109', 'TB ALCANT. UF SN4/S-20 160MM X 6M ISO 4435 C/A PAVCO', 168.419394, 0, 0, 1),
(110, 'KB-0110', 'TB ALCANT. UF SN4/S-20 200MM X 6M ISO 4435 C/A PAVCO', 261.791673, 0, 0, 1),
(111, 'KB-0111', 'TB ALCANT. UF SN4/S-20 250MM X 6M ISO 4435 C/A PAVCO', 417.6315, 0, 0, 1),
(112, 'KB-0112', 'TB ALCANT. UF SN4/S-20 315MM X 6M ISO 4435 C/A PAVCO', 654.238728, 0, 0, 1),
(113, 'KB-0113', 'TB ALCANT. UF SN4/S-20 355MM X 6M ISO 4435 C/A PAVCO', 833.136876, 0, 0, 1),
(114, 'KB-0114', 'TB ALCANT. UF SN4/S-20 400MM X 6M ISO 4435 C/A PAVCO', 1057.569513, 0, 0, 1),
(115, 'KB-0115', 'TB ALCANT. UF SN4/S-20 450MM X 6M ISO 4435 C/A PAVCO', 1393.218684, 0, 0, 1),
(116, 'KB-0116', 'TB ALCANT. UF SN4/S-20 500MM X 6M ISO 4435 C/A PAVCO', 1678.498965, 0, 0, 1),
(117, 'KB-0117', 'TB ALCANT. UF SN4/S-20 630MM X 6M ISO 4435 C/A PAVCO', 2636.191272, 0, 0, 1),
(118, 'KB-0118', 'TB ALCANT. UF SN2/S-25 160MM X 6M ISO 4435 C/A PAVCO', 136.17318, 0, 0, 1),
(119, 'KB-0119', 'TB ALCANT. UF SN2/S-25 200MM X 6M ISO 4435 C/A PAVCO', 209.625702, 0, 0, 1),
(120, 'KB-0120', 'TB ALCANT. UF SN2/S-25 250MM X 6M ISO 4435 C/A PAVCO', 333.674913, 0, 0, 1),
(121, 'KB-0121', 'TB ALCANT. UF SN2/S-25 315MM X 6M ISO 4435 C/A PAVCO', 539.605209, 0, 0, 1),
(122, 'KB-0122', 'TB ALCANT. UF SN2/S-25 355MM X 6M ISO 4435 C/A PAVCO', 674.209107, 0, 0, 1),
(123, 'KB-0123', 'TB ALCANT. UF SN2/S-25 400MM X 6M ISO 4435 C/A PAVCO', 857.28357, 0, 0, 1),
(124, 'KB-0124', 'TB ALCANT. UF SN2/S-25 450MM X 6M ISO 4435 C/A PAVCO', 1128.389691, 0, 0, 1),
(125, 'KB-0125', 'TB ALCANT. UF SN2/S-25 500MM X 6M ISO 4435 C/A PAVCO', 1303.668366, 0, 0, 1),
(126, 'KB-0126', 'TB ALCANT. UF SN2/S-25 630MM X 6M ISO 4435 C/A PAVCO', 2209.346568, 0, 0, 1),
(127, 'KB-0127', 'CODO PVC C/ROSCA 90° X 1/2\" PAVCO', 1.409628, 0, 0, 1),
(128, 'KB-0128', 'CODO PVC C/ROSCA 90° X 3/4\" PAVCO', 2.749164, 0, 0, 1),
(129, 'KB-0129', 'CODO PVC C/ROSCA 90° X 1\" PAVCO', 3.395568, 0, 0, 1),
(130, 'KB-0130', 'CODO PVC C/ROSCA 90° X 1 1/4\" PAVCO', 8.185188, 0, 0, 1),
(131, 'KB-0131', 'CODO PVC C/ROSCA 90° X 1 1/2\" PAVCO', 8.045004, 0, 0, 1),
(132, 'KB-0132', 'CODO PVC C/ROSCA 90° X 2\" PAVCO', 13.519968, 0, 0, 1),
(133, 'KB-0133', 'CODO PVC SP 45° X 1/2\" PAVCO T', 1.526448, 0, 0, 1),
(134, 'KB-0134', 'CODO PVC SP 45° X 3/4\" PAVCO T', 2.344188, 0, 0, 1),
(135, 'KB-0135', 'CODO PVC SP 45° X 1\" PAVCO T', 2.1, 0, 0, 1),
(136, 'KB-0136', 'CODO PVC SP 45° X 1 1/4\" PAVCO T', 3.512388, 0, 0, 1),
(137, 'KB-0137', 'CODO PVC SP 45° X 1 1/2\" PAVCO T', 5.71, 0, 0, 1),
(138, 'KB-0138', 'CODO PVC SP 45° X 2\" PAVCO T', 6.30828, 0, 0, 1),
(139, 'KB-0139', 'CODO PVC SP 45° X 2 1/2\" PAVCO T', 10.661772, 0, 0, 1),
(140, 'KB-0140', 'CODO PVC SP 45° X 3\" PAVCO T', 17.764428, 0, 0, 1),
(141, 'KB-0141', 'CODO PVC SP 45° X 4\" PAVCO T', 31.611492, 0, 0, 1),
(142, 'KB-0142', 'CODO PVC SP 45° X 6\" PAVCO T', 128.291724, 0, 0, 1),
(143, 'KB-0143', 'CODO PVC SP 90° X 1/2\" PAVCO ', 1.12926, 0, 0, 1),
(144, 'KB-0144', 'CODO PVC SP 90° X 3/4\" PAVCO ', 2.087184, 0, 0, 1),
(145, 'KB-0145', 'CODO PVC SP 90° X 1\" PAVCO ', 3.403356, 0, 0, 1),
(146, 'KB-0146', 'CODO PVC SP 90° X 1 1/4\" PAVCO ', 5.249112, 0, 0, 1),
(147, 'KB-0147', 'CODO PVC SP 90° X 1 1/2\" PAVCO ', 5.934456, 0, 0, 1),
(148, 'KB-0148', 'CODO PVC SP 90° X 2\" PAVCO ', 9.89076, 0, 0, 1),
(149, 'KB-0149', 'CODO PVC SP 90° X 2 1/2\" PAVCO T', 19.765944, 0, 0, 1),
(150, 'KB-0150', 'CODO PVC SP 90° X 3\" PAVCO ', 19.828248, 0, 0, 1),
(151, 'KB-0151', 'CODO PVC SP 90° X 4\" PAVCO T', 64.897404, 0, 0, 1),
(152, 'KB-0152', 'CODO PVC SP 90° X 6\" PAVCO T', 138.174696, 0, 0, 1),
(153, 'KB-0153', 'UNION SIMPLE PVC C/ROSCA 1/2\" PAVCO', 1.417416, 0, 0, 1),
(154, 'KB-0154', 'UNION SIMPLE PVC C/ROSCA 3/4\" PAVCO', 2.001516, 0, 0, 1),
(155, 'KB-0155', 'UNION SIMPLE PVC C/ROSCA 1\" PAVCO', 2.616768, 0, 0, 1),
(156, 'KB-0156', 'UNION SIMPLE PVC C/ROSCA 1 1/4\" PAVCO', 2.499948, 0, 0, 1),
(157, 'KB-0157', 'UNION SIMPLE PVC C/ROSCA 1 1/2\" PAVCO', 5.825424, 0, 0, 1),
(158, 'KB-0158', 'UNION SIMPLE PVC C/ROSCA 2\" PAVCO', 6.370584, 0, 0, 1),
(159, 'KB-0159', 'UNION SIMPLE PVC SP 1/2\" PAVCO', 1.035804, 0, 0, 1),
(160, 'KB-0160', 'UNION SIMPLE PVC SP 3/4\" PAVCO', 1.689996, 0, 0, 1),
(161, 'KB-0161', 'UNION SIMPLE PVC SP 1\" PAVCO', 2.367552, 0, 0, 1),
(162, 'KB-0162', 'UNION SIMPLE PVC SP 1 1/4\" PAVCO', 3.473448, 0, 0, 1),
(163, 'KB-0163', 'UNION SIMPLE PVC SP 1 1/2\" PAVCO', 4.306764, 0, 0, 1),
(164, 'KB-0164', 'UNION SIMPLE PVC SP 2\" PAVCO', 7.266204, 0, 0, 1),
(165, 'KB-0165', 'UNION SIMPLE PVC SP 2 1/2\" PAVCO T', 8.317584, 0, 0, 1),
(166, 'KB-0166', 'UNION SIMPLE PVC SP 3\" PAVCO T', 14.610288, 0, 0, 1),
(167, 'KB-0167', 'UNION SIMPLE PVC SP 4\" PAVCO T', 25.677036, 0, 0, 1),
(168, 'KB-0168', 'UNION SIMPLE PVC SP 6\" PAVCO T', 98.689536, 0, 0, 1),
(169, 'KB-0169', 'TEE PVC C/ROSCA 1/2\" PAVCO', 2.040456, 0, 0, 1),
(170, 'KB-0170', 'TEE PVC C/ROSCA 3/4\" PAVCO', 2.546676, 0, 0, 1),
(171, 'KB-0171', 'TEE PVC C/ROSCA 1\" PAVCO', 4.32234, 0, 0, 1),
(172, 'KB-0172', 'TEE PVC C/ROSCA 1 1/4\" PAVCO', 11.043384, 0, 0, 1),
(173, 'KB-0173', 'TEE PVC C/ROSCA 1 1/2\" PAVCO', 10.817532, 0, 0, 1),
(174, 'KB-0174', 'TEE PVC C/ROSCA 2\" PAVCO', 22.81884, 0, 0, 1),
(175, 'KB-0175', 'TEE PVC SP 1/2\" PAVCO', 1.7523, 0, 0, 1),
(176, 'KB-0176', 'TEE PVC SP 3/4\" PAVCO', 2.873772, 0, 0, 1),
(177, 'KB-0177', 'TEE PVC SP 1\" PAVCO', 5.007684, 0, 0, 1),
(178, 'KB-0178', 'TEE PVC SP 1 1/4\" PAVCO', 7.959336, 0, 0, 1),
(179, 'KB-0179', 'TEE PVC SP 1 1/2\" PAVCO', 8.25528, 0, 0, 1),
(180, 'KB-0180', 'TEE PVC SP 2\" PAVCO', 13.613424, 0, 0, 1),
(181, 'KB-0181', 'TEE PVC SP 2 1/2\" PAVCO T', 0, 0, 0, 1),
(182, 'KB-0182', 'TEE PVC SP 3\" PAVCO T', 0, 0, 0, 1),
(183, 'KB-0183', 'TEE PVC SP 4\" PAVCO T', 0, 0, 0, 1),
(184, 'KB-0184', 'TEE PVC SP 6\" PAVCO T', 0, 0, 0, 1),
(185, 'KB-0185', 'UPR ADAPTADOR PVC 1/2\" PAVCO', 0.70092, 0, 0, 1),
(186, 'KB-0186', 'UPR ADAPTADOR PVC 3/4\" PAVCO', 1.394052, 0, 0, 1),
(187, 'KB-0187', 'UPR ADAPTADOR PVC 1\" PAVCO', 2.001516, 0, 0, 1),
(188, 'KB-0188', 'UPR ADAPTADOR PVC 1 1/4\" PAVCO T', 2.1, 0, 0, 1),
(189, 'KB-0189', 'UPR ADAPTADOR PVC 1 1/2\" PAVCO T', 2.8, 0, 0, 1),
(190, 'KB-0190', 'UPR ADAPTADOR PVC 2\" PAVCO T', 3.2, 0, 0, 1),
(191, 'KB-0191', 'UPR ADAPTADOR PVC 2 1/2\" PAVCO T', 7.079292, 0, 0, 1),
(192, 'KB-0192', 'UPR ADAPTADOR PVC 3\" PAVCO T', 7, 0, 0, 1),
(193, 'KB-0193', 'UPR ADAPTADOR PVC 4\" PAVCO T', 21.790824, 0, 0, 1),
(194, 'KB-0194', 'UPR ADAPTADOR PVC 6\" PAVCO T', 100.58202, 0, 0, 1),
(195, 'KB-0195', 'TAPON HEMBRA PVC C/ROSCA 1/2\" PAVCO', 1.12926, 0, 0, 1),
(196, 'KB-0196', 'TAPON HEMBRA PVC C/ROSCA 3/4\" PAVCO', 1.28502, 0, 0, 1),
(197, 'KB-0197', 'TAPON HEMBRA PVC C/ROSCA 1\" PAVCO', 1.580964, 0, 0, 1),
(198, 'KB-0198', 'TAPON HEMBRA PVC SP 1/2\" PAVCO', 0.989076, 0, 0, 1),
(199, 'KB-0199', 'TAPON HEMBRA PVC SP 3/4\" PAVCO', 1.44078, 0, 0, 1),
(200, 'KB-0200', 'TAPON HEMBRA PVC SP 1\" PAVCO', 1.845756, 0, 0, 1),
(201, 'KB-0201', 'TAPON HEMBRA PVC SP 1 1/4\" PAVCO T', 3.029532, 0, 0, 1),
(202, 'KB-0202', 'TAPON HEMBRA PVC SP 1 1/2\" PAVCO T', 4.55598, 0, 0, 1),
(203, 'KB-0203', 'TAPON HEMBRA PVC SP 2\" PAVCO T', 8.302008, 0, 0, 1),
(204, 'KB-0204', 'TAPON HEMBRA PVC SP 2 1/2\" PAVCO T', 14.220888, 0, 0, 1),
(205, 'KB-0205', 'TAPON HEMBRA PVC SP 3\" PAVCO T', 24.57114, 0, 0, 1),
(206, 'KB-0206', 'TAPON HEMBRA PVC SP 4\" PAVCO T', 56.353968, 0, 0, 1),
(207, 'KB-0207', 'TAPON HEMBRA PVC SP 6\" PAVCO T', 104.803116, 0, 0, 1),
(208, 'KB-0208', 'TAPON MACHO PVC C/ROSCA 1/2\" PAVCO', 1.059168, 0, 0, 1),
(209, 'KB-0209', 'TAPON MACHO PVC C/ROSCA 3/4\" PAVCO', 1.44078, 0, 0, 1),
(210, 'KB-0210', 'TAPON MACHO PVC C/ROSCA 1\" PAVCO', 2.118336, 0, 0, 1),
(211, 'KB-0211', 'TAPON MACHO PVC SP 1/2\" PAVCO T', 2.087184, 0, 0, 1),
(212, 'KB-0212', 'TAPON MACHO PVC SP 3/4\" PAVCO T', 3.091836, 0, 0, 1),
(213, 'KB-0213', 'TAPON MACHO PVC SP 1\" PAVCO T', 4.073124, 0, 0, 1),
(214, 'KB-0214', 'UNION UNIVERSAL PVC C/ROSCA 1/2\" PAVCO', 2.281884, 0, 0, 1),
(215, 'KB-0215', 'UNION UNIVERSAL PVC C/ROSCA 3/4\" PAVCO', 3.255384, 0, 0, 1),
(216, 'KB-0216', 'UNION UNIVERSAL PVC C/ROSCA 1\" PAVCO', 3.956304, 0, 0, 1),
(217, 'KB-0217', 'UNION UNIVERSAL PVC SP 1/2\" PAVCO', 1.534236, 0, 0, 1),
(218, 'KB-0218', 'UNION UNIVERSAL PVC SP 3/4\" PAVCO', 2.06382, 0, 0, 1),
(219, 'KB-0219', 'UNION MIXTA PVC SOCKET 1/2\" PAVCO', 1.292808, 0, 0, 1),
(220, 'KB-0220', 'UNION MIXTA PVC SOCKET 3/4\" PAVCO', 1.900272, 0, 0, 1),
(221, 'KB-0221', 'UNION MIXTA PVC SOCKET 1\" PAVCO', 2.188428, 0, 0, 1),
(222, 'KB-0222', 'CODO MIXTO PVC CACHIMBO 90° X 1/2\'\' PAVCO', 1.3629, 0, 0, 1),
(223, 'KB-0223', 'CODO MIXTO PVC CACHIMBO 90° X 3/4\'\' PAVCO', 2.702436, 0, 0, 1),
(224, 'KB-0224', 'REDUCCION PVC SP 3/4 A 1/2\'\' PAVCO', 1.238292, 0, 0, 1),
(225, 'KB-0225', 'REDUCCION PVC SP 1 A 1/2\'\' PAVCO', 1.71336, 0, 0, 1),
(226, 'KB-0226', 'REDUCCION PVC SP 1 A 3/4\'\' PAVCO', 1.947, 0, 0, 1),
(227, 'KB-0227', 'REDUCCION PVC SP 1 1/4 A 1/2\'\' PAVCO T', 3.8, 0, 0, 1),
(228, 'KB-0228', 'REDUCCION PVC SP 1 1/4 A 3/4\'\' PAVCO T', 3.8, 0, 0, 1),
(229, 'KB-0229', 'REDUCCION PVC SP 1 1/4 A 1\'\' PAVCO T', 3.8, 0, 0, 1),
(230, 'KB-0230', 'REDUCCION PVC SP 1 1/2 A 1/2\'\' PAVCO T', 0, 0, 0, 1),
(231, 'KB-0231', 'REDUCCION PVC SP 1 1/2 A 3/4\'\' PAVCO T', 4.3, 0, 0, 1),
(232, 'KB-0232', 'REDUCCION PVC SP 1 1/2 A 1\'\' PAVCO T', 4.3, 0, 0, 1),
(233, 'KB-0233', 'REDUCCION PVC SP 1 1/2 A 1 1/4\'\' PAVCO T', 4.5, 0, 0, 1),
(234, 'KB-0234', 'REDUCCION PVC SP 2 A 1/2\'\' PAVCO T', 5.3, 0, 0, 1),
(235, 'KB-0235', 'REDUCCION PVC SP 2 A 3/4\'\' PAVCO T', 5.3, 0, 0, 1),
(236, 'KB-0236', 'REDUCCION PVC SP 2 A 1\'\' PAVCO T', 5.3, 0, 0, 1),
(237, 'KB-0237', 'REDUCCION PVC SP 2 A 1 1/4\'\' PAVCO T', 5, 0, 0, 1),
(238, 'KB-0238', 'REDUCCION PVC SP 2 A 1 1/2\'\' PAVCO T', 5, 0, 0, 1),
(239, 'KB-0239', 'REDUCCION PVC SP 2 1/2 A 1 1/4\'\' PAVCO T', 0, 0, 0, 1),
(240, 'KB-0240', 'REDUCCION PVC SP 2 1/2 A 1 1/2\'\' PAVCO T', 7.5, 0, 0, 1),
(241, 'KB-0241', 'REDUCCION PVC SP 2 1/2 A 2\'\' PAVCO T', 7.5, 0, 0, 1),
(242, 'KB-0242', 'REDUCCION PVC SP 3 A 1 1/2\'\' PAVCO T', 11, 0, 0, 1),
(243, 'KB-0243', 'REDUCCION PVC SP 3 A 2\'\' PAVCO T', 11, 0, 0, 1),
(244, 'KB-0244', 'REDUCCION PVC SP 3 A 2 1/2\'\' PAVCO T', 11, 0, 0, 1),
(245, 'KB-0245', 'REDUCCION PVC SP 4 A 3\'\' PAVCO T', 12, 0, 0, 1),
(246, 'KB-0246', 'CODO PVC SAL 45 X 1 1/2\'\' PAVCO T', 1.775664, 0, 0, 1),
(247, 'KB-0247', 'CODO PVC SAL 45 X 2\'\' PAVCO', 1.386264, 0, 0, 1),
(248, 'KB-0248', 'CODO PVC SAL 45 X 3\'\' PAVCO', 3.901788, 0, 0, 1),
(249, 'KB-0249', 'CODO PVC SAL 45 X 4\'\' PAVCO', 5.981184, 0, 0, 1),
(250, 'KB-0250', 'CODO PVC SAL CL 45 X 6\'\' PAVCO T', 31.47, 0, 0, 1),
(251, 'KB-0251', 'CODO PVC SAL CP 45 X 6\'\' PAVCO T', 35, 0, 0, 1),
(252, 'KB-0252', 'CODO PVC SAL 90 X 1 1/2\'\' PAVCO', 3.341052, 0, 0, 1),
(253, 'KB-0253', 'CODO PVC SAL 90 X 2\'\' PAVCO', 1.588752, 0, 0, 1),
(254, 'KB-0254', 'CODO PVC SAL 90 X 3\'\' PAVCO', 4.781832, 0, 0, 1),
(255, 'KB-0255', 'CODO PVC SAL 90 X 4\'\' PAVCO', 6.46404, 0, 0, 1),
(256, 'KB-0256', 'CODO PVC SAL CL 90 X 6\'\' PAVCO T', 66.906708, 0, 0, 1),
(257, 'KB-0257', 'CODO PVC SAL CP 90 X 6\'\' PAVCO T', 45, 0, 0, 1),
(258, 'KB-0258', 'TEE PVC SAL 1 1/2\" PAVCO T', 2.834832, 0, 0, 1),
(259, 'KB-0259', 'TEE PVC SAL 2\" PAVCO', 2.99838, 0, 0, 1),
(260, 'KB-0260', 'TEE PVC SAL 3\" PAVCO', 8.239704, 0, 0, 1),
(261, 'KB-0261', 'TEE PVC SAL 4\" PAVCO', 9.049656, 0, 0, 1),
(262, 'KB-0262', 'TEE PVC SAL CL 6\" PAVCO T', 63.176256, 0, 0, 1),
(263, 'KB-0263', 'TEE PVC SAL CP 6\" PAVCO T', 45, 0, 0, 1),
(264, 'KB-0264', 'TEE SANITARIA PVC SAL 2\" PAVCO', 3.964092, 0, 0, 1),
(265, 'KB-0265', 'TEE SANITARIA PVC SAL 3\" PAVCO T', 18.76908, 0, 0, 1),
(266, 'KB-0266', 'TEE SANITARIA PVC SAL 4\" PAVCO', 16.012128, 0, 0, 1),
(267, 'KB-0267', 'TEE PVC SAL DOBLE 2\" PAVCO', 4.20552, 0, 0, 1),
(268, 'KB-0268', 'TEE PVC SAL DOBLE 3\" PAVCO T', 13.0449, 0, 0, 1),
(269, 'KB-0269', 'TEE PVC SAL DOBLE 4\" PAVCO', 16.494984, 0, 0, 1),
(270, 'KB-0270', 'TAPON PVC SAL 1 1/2\" PAVCO T', 0.747648, 0, 0, 1),
(271, 'KB-0271', 'TAPON PVC SAL 2\" PAVCO', 0.833316, 0, 0, 1),
(272, 'KB-0272', 'TAPON PVC SAL 3\" PAVCO', 1.448568, 0, 0, 1),
(273, 'KB-0273', 'TAPON PVC SAL 4\" PAVCO', 8.029428, 0, 0, 1),
(274, 'KB-0274', 'TAPON PVC SAL CL 6\" PAVCO T', 22.89672, 0, 0, 1),
(275, 'KB-0275', 'TAPON PVC SAL CP 6\" PAVCO T', 0, 0, 0, 1),
(276, 'KB-0276', 'YEE PVC SAL 1 1/2\" PAVCO T', 2.850408, 0, 0, 1),
(277, 'KB-0277', 'YEE PVC SAL 2\" PAVCO', 3.675936, 0, 0, 1),
(278, 'KB-0278', 'YEE PVC SAL 3\" PAVCO', 7.188324, 0, 0, 1),
(279, 'KB-0279', 'YEE PVC SAL 4\" PAVCO', 12.834624, 0, 0, 1),
(280, 'KB-0280', 'YEE PVC SAL CL 6\" PAVCO T', 67.335048, 0, 0, 1),
(281, 'KB-0281', 'YEE PVC SAL CP 6\" PAVCO T', 32, 0, 0, 1),
(282, 'KB-0282', 'YEE PVC SAL DOBLE 2\" PAVCO', 6.253764, 0, 0, 1),
(283, 'KB-0283', 'YEE PVC SAL DOBLE 3\" PAVCO', 9.220992, 0, 0, 1),
(284, 'KB-0284', 'YEE PVC SAL DOBLE 4\" PAVCO', 17.149176, 0, 0, 1),
(285, 'KB-0285', 'UNION PVC SAL 1 1/2\" PAVCO T', 0.73986, 0, 0, 1),
(286, 'KB-0286', 'UNION PVC SAL 2\" PAVCO', 1.316172, 0, 0, 1),
(287, 'KB-0287', 'UNION PVC SAL 3\" PAVCO', 2.515524, 0, 0, 1),
(288, 'KB-0288', 'UNION PVC SAL 4\" PAVCO', 4.859712, 0, 0, 1),
(289, 'KB-0289', 'UNION PVC SAL CL 6\" PAVCO T', 15, 0, 0, 1),
(290, 'KB-0290', 'UNION PVC SAL CP 6\" PAVCO T', 25, 0, 0, 1),
(291, 'KB-0291', 'SOMBRERO VENTILACION PVC SAL 1 1/2\" PAVCO T', 5.046624, 0, 0, 1),
(292, 'KB-0292', 'SOMBRERO VENTILACION PVC SAL 2\" PAVCO', 4.073124, 0, 0, 1),
(293, 'KB-0293', 'SOMBRERO VENTILACION PVC SAL 3\" PAVCO T', 9.252144, 0, 0, 1),
(294, 'KB-0294', 'SOMBRERO VENTILACION PVC SAL 4\" PAVCO T', 13.55112, 0, 0, 1),
(295, 'KB-0295', 'TRAMPA P PVC SIFON DESMONTABLE 2\" PAVCO', 12.702228, 0, 0, 1),
(296, 'KB-0296', 'TRAMPA P PVC SAL C/REG 2\" PAVCO', 8.808228, 0, 0, 1),
(297, 'KB-0297', 'TRAMPA P PVC SAL S/REG 1 1/2\" PAVCO T', 10.949928, 0, 0, 1),
(298, 'KB-0298', 'TRAMPA P PVC SAL S/REG 2\" PAVCO', 8.691408, 0, 0, 1),
(299, 'KB-0299', 'TRAMPA P PVC SAL S/REG 3\" PAVCO T', 30.092832, 0, 0, 1),
(300, 'KB-0300', 'TRAMPA P PVC SAL S/REG 4\" PAVCO T', 50.715456, 0, 0, 1),
(301, 'KB-0301', 'TEE PVC SAL DOBLE 4\" A 2\" PAVCO', 6.0357, 0, 0, 1),
(302, 'KB-0302', 'YEE PVC SAL DOBLE 3\" A 2\" PAVCO', 5.95782, 0, 0, 1),
(303, 'KB-0303', 'YEE PVC SAL DOBLE 4\" A 2\" PAVCO', 9.898548, 0, 0, 1),
(304, 'KB-0304', 'REDUCCION PVC SAL 2\" A 1 1/2\" PAVCO T', 1.98594, 0, 0, 1),
(305, 'KB-0305', 'REDUCCION PVC SAL 3\" A 2\" PAVCO', 3.013956, 0, 0, 1),
(306, 'KB-0306', 'REDUCCION PVC SAL 4\" A 2\" PAVCO', 4.353492, 0, 0, 1),
(307, 'KB-0307', 'REDUCCION PVC SAL 4\" A 3\" PAVCO', 5.233536, 0, 0, 1),
(308, 'KB-0308', 'REDUCCION PVC SAL 6\" A 2\" PAVCO T', 30.630204, 0, 0, 1),
(309, 'KB-0309', 'REDUCCION PVC SAL 6\" A 3\" PAVCO T', 0, 0, 0, 1),
(310, 'KB-0310', 'REDUCCION PVC SAL CL 6\" A 4\" PAVCO T', 0, 0, 0, 1),
(311, 'KB-0311', 'REDUCCION PVC SAL CP 6\" A 4\" PAVCO T', 0, 0, 0, 1),
(312, 'KB-0312', 'TEE PVC SAL 3\" A 2\" PAVCO T', 7.235052, 0, 0, 1),
(313, 'KB-0313', 'TEE PVC SAL 4\" A 2\" PAVCO', 7.16496, 0, 0, 1),
(314, 'KB-0314', 'TEE PVC SAL 4\" A 3\" PAVCO T', 12.710016, 0, 0, 1),
(315, 'KB-0315', 'TEE PVC SAL CL 6\" A 4\" PAVCO T', 48.71394, 0, 0, 1),
(316, 'KB-0316', 'TEE PVC SAL CP 6\" A 4\" PAVCO T', 0, 0, 0, 1),
(317, 'KB-0317', 'YEE PVC SAL 3\" A 2\" PAVCO', 5.303628, 0, 0, 1),
(318, 'KB-0318', 'YEE PVC SAL 4\" A 2\" PAVCO', 7.834728, 0, 0, 1),
(319, 'KB-0319', 'YEE PVC SAL 4\" A 3\" PAVCO', 10.809744, 0, 0, 1),
(320, 'KB-0320', 'YEE PVC SAL 6\" A 2\" PAVCO T', 0, 0, 0, 1),
(321, 'KB-0321', 'YEE PVC SAL 6\" A 3\" PAVCO T', 37.919772, 0, 0, 1),
(322, 'KB-0322', 'YEE PVC SAL CL 6\" A 4\" PAVCO T', 38.457144, 0, 0, 1),
(323, 'KB-0323', 'YEE PVC SAL CP 6\" A 4\" PAVCO T', 38, 0, 0, 1),
(324, 'KB-0324', 'CODO VENTILACION PVC SAL 90\" X 2\" PAVCO', 8.3721, 0, 0, 1),
(325, 'KB-0325', 'REDUCCION EXCENTRICA PVC SAL 4\" A 2\" PAVCO', 4.330128, 0, 0, 1),
(326, 'KB-0326', 'CURVA PVC LUZ SEL 1/2\" PAVCO', 0, 0, 0, 1),
(327, 'KB-0327', 'CURVA PVC LUZ SEL 5/8\" PAVCO', 0, 0, 0, 1),
(328, 'KB-0328', 'CURVA PVC LUZ SEL 3/4\" PAVCO', 0.29, 0, 0, 1),
(329, 'KB-0329', 'CURVA PVC LUZ SEL 1\" PAVCO', 0.93, 0, 0, 1),
(330, 'KB-0330', 'CURVA PVC LUZ SEL 1 1/4\" PAVCO', 0, 0, 0, 1),
(331, 'KB-0331', 'CURVA PVC LUZ SEL 1 1/2\" PAVCO', 0, 0, 0, 1),
(332, 'KB-0332', 'CURVA PVC LUZ SEL 2\" PAVCO', 0, 0, 0, 1),
(333, 'KB-0333', 'CURVA PVC LUZ SAP 1/2\" PAVCO', 0.7, 0, 0, 1),
(334, 'KB-0334', 'CURVA PVC LUZ SAP 3/4\" PAVCO', 1, 0, 0, 1),
(335, 'KB-0335', 'CURVA PVC LUZ SAP 1\" PAVCO', 1.25, 0, 0, 1),
(336, 'KB-0336', 'CURVA PVC LUZ SAP 1 1/4\" PAVCO', 5.95, 0, 0, 1),
(337, 'KB-0337', 'CURVA PVC LUZ SAP 1 1/2\" PAVCO', 0, 0, 0, 1),
(338, 'KB-0338', 'CURVA PVC LUZ SAP 2\" PAVCO', 7.74, 0, 0, 1),
(339, 'KB-0339', 'CURVA PVC LUZ SAP 2 1/2\" PAVCO', 19.78, 0, 0, 1),
(340, 'KB-0340', 'CURVA PVC LUZ SAP 3\" PAVCO', 19.8, 0, 0, 1),
(341, 'KB-0341', 'CURVA PVC LUZ SAP 4\" PAVCO', 37.09, 0, 0, 1),
(342, 'KB-0342', 'UNION PVC LUZ SEL 1/2\" PAVCO', 0, 0, 0, 1),
(343, 'KB-0343', 'UNION PVC LUZ SEL 5/8\" PAVCO', 0, 0, 0, 1),
(344, 'KB-0344', 'UNION PVC LUZ SEL 3/4\" PAVCO', 0.32, 0, 0, 1),
(345, 'KB-0345', 'UNION PVC LUZ SEL 1\" PAVCO', 0.7, 0, 0, 1),
(346, 'KB-0346', 'UNION PVC LUZ SEL 1 1/4\" PAVCO', 0, 0, 0, 1),
(347, 'KB-0347', 'UNION PVC LUZ SEL 1 1/2\" PAVCO', 0, 0, 0, 1),
(348, 'KB-0348', 'UNION PVC LUZ SEL 2\" PAVCO', 0, 0, 0, 1),
(349, 'KB-0349', 'UNION PVC LUZ SAP 1/2\" PAVCO', 0.55, 0, 0, 1),
(350, 'KB-0350', 'UNION PVC LUZ SAP 3/4\" PAVCO', 0.69, 0, 0, 1),
(351, 'KB-0351', 'UNION PVC LUZ SAP 1\" PAVCO', 1, 0, 0, 1),
(352, 'KB-0352', 'UNION PVC LUZ SAP 1 1/4\" PAVCO', 2.1, 0, 0, 1),
(353, 'KB-0353', 'UNION PVC LUZ SAP 1 1/2\" PAVCO', 3.3, 0, 0, 1),
(354, 'KB-0354', 'UNION PVC LUZ SAP 2\" PAVCO', 4, 0, 0, 1),
(355, 'KB-0355', 'UNION PVC LUZ SAP 2 1/2\" PAVCO', 0, 0, 0, 1),
(356, 'KB-0356', 'UNION PVC LUZ SAP 3\" PAVCO', 0, 0, 0, 1),
(357, 'KB-0357', 'UNION PVC LUZ SAP 4\" PAVCO', 0, 0, 0, 1),
(358, 'KB-0358', 'CONECTOR PVC LUZ SEL 1/2\" PAVCO', 0, 0, 0, 1),
(359, 'KB-0359', 'CONECTOR PVC LUZ SEL 5/8\" PAVCO', 0, 0, 0, 1),
(360, 'KB-0360', 'CONECTOR PVC LUZ SEL 3/4\" PAVCO', 0.25, 0, 0, 1),
(361, 'KB-0361', 'CONECTOR PVC LUZ SEL 1\" PAVCO', 0.5, 0, 0, 1),
(362, 'KB-0362', 'CONECTOR PVC LUZ SEL 1 1/4\" PAVCO', 0, 0, 0, 1),
(363, 'KB-0363', 'CONECTOR PVC LUZ SEL 1 1/2\" PAVCO', 0, 0, 0, 1),
(364, 'KB-0364', 'CONECTOR PVC LUZ SEL 2\" PAVCO', 0, 0, 0, 1),
(365, 'KB-0365', 'CONECTOR PVC LUZ SAP 1/2\" PAVCO', 0.4, 0, 0, 1),
(366, 'KB-0366', 'CONECTOR PVC LUZ SAP 3/4\" PAVCO', 0.3, 0, 0, 1),
(367, 'KB-0367', 'CONECTOR PVC LUZ SAP 1\" PAVCO', 1.35, 0, 0, 1),
(368, 'KB-0368', 'CONECTOR PVC LUZ SAP 1 1/4\" PAVCO', 1.5, 0, 0, 1),
(369, 'KB-0369', 'CONECTOR PVC LUZ SAP 1 1/2\" PAVCO', 0, 0, 0, 1),
(370, 'KB-0370', 'CONECTOR PVC LUZ SAP 2\" PAVCO', 1.53, 0, 0, 1),
(371, 'KB-0371', 'CONECTOR PVC LUZ SAP 2 1/2\" PAVCO', 0, 0, 0, 1),
(372, 'KB-0372', 'CONECTOR PVC LUZ SAP 3\" PAVCO', 4.32, 0, 0, 1),
(373, 'KB-0373', 'CONECTOR PVC LUZ SAP 4\" PAVCO', 7.36, 0, 0, 1),
(374, 'KB-0374', 'CAJA DE PASE PVC RECTANGULAR PAVCO', 1.253868, 0, 0, 1),
(375, 'KB-0375', 'CAJA DE PASE PVC OCTOGONAL PAVCO', 1.308384, 0, 0, 1),
(376, 'KB-0376', 'UNION SIMPLE CPVC 1/2\" PAVCO', 0.732072, 0, 0, 1),
(377, 'KB-0377', 'UNION SIMPLE CPVC 3/4\" PAVCO', 0.9735, 0, 0, 1),
(378, 'KB-0378', 'UNION UNIVERSAL CPVC 1/2\" PAVCO', 6.8145, 0, 0, 1),
(379, 'KB-0379', 'UNION UNIVERSAL CPVC 3/4\" PAVCO', 6.806712, 0, 0, 1),
(380, 'KB-0380', 'UPR ADAPTADOR CPVC MACHO 1/2\" PAVCO', 0.802164, 0, 0, 1),
(381, 'KB-0381', 'UPR ADAPTADOR CPVC MACHO 3/4\" PAVCO', 1.3629, 0, 0, 1),
(382, 'KB-0382', 'TAPON HEMBRA CPVC 1/2\" PAVCO', 0.42834, 0, 0, 1),
(383, 'KB-0383', 'TAPON HEMBRA CPVC 3/4\" PAVCO', 0.724284, 0, 0, 1),
(384, 'KB-0384', 'CODO CPVC 45° X 1/2\" PAVCO', 0.981288, 0, 0, 1),
(385, 'KB-0385', 'CODO CPVC 45° X 3/4\" PAVCO', 1.44078, 0, 0, 1),
(386, 'KB-0386', 'CODO CPVC 90° X 1/2\" PAVCO', 0.724284, 0, 0, 1),
(387, 'KB-0387', 'CODO CPVC 90° X 3/4\" PAVCO', 1.90806, 0, 0, 1),
(388, 'KB-0388', 'TEE CPVC 1/2\" PAVCO', 1.160412, 0, 0, 1),
(389, 'KB-0389', 'TEE CPVC 3/4\" PAVCO', 2.281884, 0, 0, 1),
(390, 'KB-0390', 'UPR ADAPTADOR CPVC HEMBRA 3/4\" A 1/2\" PAVCO', 1.549812, 0, 0, 1),
(391, 'KB-0391', 'BUJE CPVC 3/4\" A 1/2\" PAVCO', 0.560736, 0, 0, 1),
(392, 'KB-0392', 'REDUCCION CPVC 3/4\" A 1/2\" PAVCO', 0.576312, 0, 0, 1),
(393, 'KB-0393', 'UNION DE REPACION PVC 1/2\" AKROS PAVCO', 8.909472, 0, 0, 1),
(394, 'KB-0394', 'UNION DE REPACION PVC 3/4\" AKROS PAVCO', 10.537164, 0, 0, 1),
(395, 'KB-0395', 'UNION DE REPACION PVC 1\" AKROS PAVCO', 12.336192, 0, 0, 1),
(396, 'KB-0396', 'VALVULA ESFERICA PVC C/ROSCA 1/2\" PAVCO', 2.64792, 0, 0, 1),
(397, 'KB-0397', 'VALVULA ESFERICA PVC C/ROSCA 3/4\" PAVCO', 4.16658, 0, 0, 1),
(398, 'KB-0398', 'VALVULA ESFERICA PVC C/ROSCA 1\" PAVCO', 7.180536, 0, 0, 1),
(399, 'KB-0399', 'VALVULA ESFERICA PVC SP 1/2\" PAVCO', 2.702436, 0, 0, 1),
(400, 'KB-0400', 'VALVULA ESFERICA PVC SP 3/4\" PAVCO', 4.0887, 0, 0, 1),
(401, 'KB-0401', 'VALVULA ESFERICA PVC SP 1\" PAVCO', 7.063716, 0, 0, 1),
(402, 'KB-0402', 'NIPLE PVC 1/2\" X 1 1/2\" AKROS PAVCO', 1.152624, 0, 0, 1),
(403, 'KB-0403', 'REDUCCION BUSHING PVC 3/4\" A 1/2\" PAVCO', 2.951652, 0, 0, 1),
(404, 'KB-0404', 'REDUCCION BUSHING PVC 1\" A 1/2\" PAVCO', 4.875288, 0, 0, 1),
(405, 'KB-0405', 'REDUCCION BUSHING PVC 1\" A 3/4\" PAVCO', 4.992108, 0, 0, 1),
(406, 'KB-0406', 'PEGAMENTO DORADO (REGULAR) 1/128 GAL 1OZ 30ML PAVCO', 2.75884, 0, 0, 1),
(407, 'KB-0407', 'PEGAMENTO DORADO (REGULAR) 1/64 GAL 1OZ 59ML PAVCO', 5.27814, 0, 0, 1),
(408, 'KB-0408', 'PEGAMENTO DORADO (REGULAR) 1/32 GAL 4OZ 118ML PAVCO', 6.84754, 0, 0, 1),
(409, 'KB-0409', 'PEGAMENTO DORADO (REGULAR) 1/16 GAL 8OZ 237ML PAVCO', 9.83766, 0, 0, 1),
(410, 'KB-0410', 'PEGAMENTO DORADO (REGULAR) 1/8 GAL 16OZ 473ML PAVCO', 19.05582, 0, 0, 1),
(411, 'KB-0411', 'PEGAMENTO DORADO (REGULAR) 1/4 GAL 32OZ 946ML PAVCO', 35.42714, 0, 0, 1),
(412, 'KB-0412', 'PEGAMENTO NARANJA (CPVC) 1/128 GAL 1OZ 30ML PAVCO', 3.04794, 0, 0, 1),
(413, 'KB-0413', 'PEGAMENTO NARANJA (CPVC) 1/64 GAL 1OZ 59ML PAVCO', 6.26934, 0, 0, 1),
(414, 'KB-0414', 'PEGAMENTO NARANJA (CPVC) 1/32 GAL 4OZ 118ML PAVCO', 8.85472, 0, 0, 1),
(415, 'KB-0415', 'PEGAMENTO NARANJA (CPVC) 1/16 GAL 8OZ 237ML PAVCO', 13.72812, 0, 0, 1),
(416, 'KB-0416', 'PEGAMENTO NARANJA (CPVC) 1/8 GAL 16OZ 473ML PAVCO', 25.74642, 0, 0, 1),
(417, 'KB-0417', 'PEGAMENTO NARANJA (CPVC) 1/4 GAL 32OZ 946ML PAVCO', 46.43772, 0, 0, 1),
(418, 'KB-0418', 'PEGAMENTO AZUL 1/32 GAL 4OZ 118ML PAVCO', 9.25946, 0, 0, 1),
(419, 'KB-0419', 'PEGAMENTO AZUL 1/16 GAL 8OZ 237ML PAVCO', 13.04254, 0, 0, 1),
(420, 'KB-0420', 'PEGAMENTO AZUL 1/4 GAL 32OZ 946ML PAVCO', 34.9811, 0, 0, 1),
(421, 'KB-0421', 'PEGAMENTO NEGRO (MEDIUM) 1/16 GAL 8OZ 237ML PAVCO', 11.0684, 0, 0, 1),
(422, 'KB-0422', 'PEGAMENTO NEGRO (MEDIUM) 1/4 GAL 32OZ 946ML PAVCO', 36.86438, 0, 0, 1),
(423, 'KB-0423', 'PEGAMENTO VERDE (HEAVY) 1/4 GAL 32OZ 946ML PAVCO', 39.54888, 0, 0, 1),
(424, 'KB-0424', 'TANQUE P/AGUA 1100 LTS C/ACCS (ARENA) PAVCO', 580.36176, 0, 0, 1),
(425, 'KB-0425', 'TEE PVC SP 3/4\" A 1/2\" PAVCO', 2.834832, 0, 0, 1),
(426, 'KB-0426', 'CONECTOR PVC LUZ SEL 3/4 MH PAVCO', 0.44, 0, 0, 1),
(427, 'KB-0427', 'TB P/AGUA UF BIAXIAL PN 6.3 110MM X 6M ISO 16422 C/A PAVCO', 0, 0, 0, 1),
(428, 'KB-0428', 'TB P/AGUA UF BIAXIAL PN 6.3 160MM X 6M ISO 16422 C/A PAVCO', 0, 0, 0, 1),
(429, 'KB-0429', 'TB P/AGUA UF BIAXIAL PN 6.3 200MM X 6M ISO 16422 C/A PAVCO', 0, 0, 0, 1),
(430, 'KB-0430', 'TB P/AGUA UF BIAXIAL PN 6.3 250MM X 6M ISO 16422 C/A PAVCO', 0, 0, 0, 1),
(431, 'KB-0431', 'TB P/AGUA UF BIAXIAL PN 6.3 315MM X 6M ISO 16422 C/A PAVCO', 0, 0, 0, 1),
(432, 'KB-0432', 'TB P/AGUA UF BIAXIAL PN 6.3 355MM X 6M ISO 16422 C/A PAVCO', 0, 0, 0, 1),
(433, 'KB-0433', 'TB P/AGUA UF BIAXIAL PN 6.3 400MM X 6M ISO 16422 C/A PAVCO', 0, 0, 0, 1),
(434, 'KB-0434', 'TB P/AGUA UF BIAXIAL PN 8 90MM X 6M ISO 16422 C/A PAVCO', 0, 0, 0, 1),
(435, 'KB-0435', 'TB P/AGUA UF BIAXIAL PN 8 110MM X 6M ISO 16422 C/A PAVCO', 0, 0, 0, 1),
(436, 'KB-0436', 'TB P/AGUA UF BIAXIAL PN 8 160MM X 6M ISO 16422 C/A PAVCO', 0, 0, 0, 1),
(437, 'KB-0437', 'TB P/AGUA UF BIAXIAL PN 8 200MM X 6M ISO 16422 C/A PAVCO', 0, 0, 0, 1),
(438, 'KB-0438', 'TB P/AGUA UF BIAXIAL PN 8 250MM X 6M ISO 16422 C/A PAVCO', 0, 0, 0, 1),
(439, 'KB-0439', 'TB P/AGUA UF BIAXIAL PN 8 315MM X 6M ISO 16422 C/A PAVCO', 0, 0, 0, 1),
(440, 'KB-0440', 'TB P/AGUA UF BIAXIAL PN 8 355MM X 6M ISO 16422 C/A PAVCO', 0, 0, 0, 1),
(441, 'KB-0441', 'TB P/AGUA UF BIAXIAL PN 8 400MM X 6M ISO 16422 C/A PAVCO', 0, 0, 0, 1),
(442, 'KB-0442', 'TB P/AGUA UF BIAXIAL PN 10 90MM X 6M ISO 16422 C/A PAVCO', 0, 0, 0, 1),
(443, 'KB-0443', 'TB P/AGUA UF BIAXIAL PN 10 110MM X 6M ISO 16422 C/A PAVCO', 0, 0, 0, 1),
(444, 'KB-0444', 'TB P/AGUA UF BIAXIAL PN 10 160MM X 6M ISO 16422 C/A PAVCO', 0, 0, 0, 1),
(445, 'KB-0445', 'TB P/AGUA UF BIAXIAL PN 10 200MM X 6M ISO 16422 C/A PAVCO', 0, 0, 0, 1),
(446, 'KB-0446', 'TB P/AGUA UF BIAXIAL PN 10 250MM X 6M ISO 16422 C/A PAVCO', 0, 0, 0, 1),
(447, 'KB-0447', 'TB P/AGUA UF BIAXIAL PN 10 315MM X 6M ISO 16422 C/A PAVCO', 0, 0, 0, 1),
(448, 'KB-0448', 'TB P/AGUA UF BIAXIAL PN 10 355MM X 6M ISO 16422 C/A PAVCO', 0, 0, 0, 1),
(449, 'KB-0449', 'TB P/AGUA UF BIAXIAL PN 10 400MM X 6M ISO 16422 C/A PAVCO', 0, 0, 0, 1),
(450, 'KB-0450', 'TB P/AGUA UF BIAXIAL PN 12.5 90MM X 6M ISO 16422 C/A PAVCO', 0, 0, 0, 1),
(451, 'KB-0451', 'TB P/AGUA UF BIAXIAL PN 12.5 110MM X 6M ISO 16422 C/A PAVCO', 0, 0, 0, 1),
(452, 'KB-0452', 'TB P/AGUA UF BIAXIAL PN 12.5 160MM X 6M ISO 16422 C/A PAVCO', 0, 0, 0, 1),
(453, 'KB-0453', 'TB P/AGUA UF BIAXIAL PN 12.5 200MM X 6M ISO 16422 C/A PAVCO', 0, 0, 0, 1),
(454, 'KB-0454', 'TB P/AGUA UF BIAXIAL PN 12.5 250MM X 6M ISO 16422 C/A PAVCO', 0, 0, 0, 1),
(455, 'KB-0455', 'TB P/AGUA UF BIAXIAL PN 12.5 315MM X 6M ISO 16422 C/A PAVCO', 0, 0, 0, 1),
(456, 'KB-0456', 'TB P/AGUA UF BIAXIAL PN 12.5 355MM X 6M ISO 16422 C/A PAVCO', 0, 0, 0, 1),
(457, 'KB-0457', 'TB P/AGUA UF BIAXIAL PN 12.5 400MM X 6M ISO 16422 C/A PAVCO', 0, 0, 0, 1),
(458, 'KB-0458', 'TB P/AGUA UF BIAXIAL PN 16 110MM X 6M ISO 16422 C/A PAVCO', 0, 0, 0, 1),
(459, 'KB-0459', 'TB P/AGUA UF BIAXIAL PN 16 160MM X 6M ISO 16422 C/A PAVCO', 0, 0, 0, 1),
(460, 'KB-0460', 'TB P/AGUA UF BIAXIAL PN 16 200MM X 6M ISO 16422 C/A PAVCO', 0, 0, 0, 1),
(461, 'KB-0461', 'TB P/AGUA UF BIAXIAL PN 16 250MM X 6M ISO 16422 C/A PAVCO', 0, 0, 0, 1),
(462, 'KB-0462', 'TB P/AGUA UF BIAXIAL PN 16 315MM X 6M ISO 16422 C/A PAVCO', 0, 0, 0, 1),
(463, 'KB-0463', 'NIPLE PVC 1/2\" X 1 1/2\'\' PAVCO', 0, 0, 0, 1),
(464, 'KB-0464', 'NIPLE PVC 1/2\" X 2\'\' PAVCO', 0, 0, 0, 1),
(465, 'KB-0465', 'NIPLE PVC 1/2\" X 2 1/2\'\' PAVCO', 0, 0, 0, 1),
(466, 'KB-0466', 'NIPLE PVC 1/2\" X 3\'\' PAVCO', 0, 0, 0, 1),
(467, 'KB-0467', 'NIPLE PVC 1/2\" X 3 1/2\'\' PAVCO', 0, 0, 0, 1),
(468, 'KB-0468', 'NIPLE PVC 1/2\" X 4\'\' PAVCO', 0, 0, 0, 1),
(469, 'KB-0469', 'NIPLE PVC 1/2\" X 5\'\' PAVCO', 0, 0, 0, 1),
(470, 'KB-0470', 'NIPLE PVC 1/2\" X 6\'\' PAVCO', 0, 0, 0, 1),
(471, 'KB-0471', 'NIPLE PVC 1/2\" X 7\'\' PAVCO', 0, 0, 0, 1),
(472, 'KB-0472', 'NIPLE PVC 1/2\" X 8\'\' PAVCO', 0, 0, 0, 1),
(473, 'KB-0473', 'NIPLE PVC 1/2\" X 9\'\' PAVCO', 0, 0, 0, 1),
(474, 'KB-0474', 'NIPLE PVC 1/2\" X 10\'\' PAVCO', 0, 0, 0, 1),
(475, 'KB-0475', 'NIPLE PVC 1/2\" X 11\'\' PAVCO', 0, 0, 0, 1),
(476, 'KB-0476', 'NIPLE PVC 1/2\" X 12\" PAVCO', 0, 0, 0, 1),
(477, 'KB-0477', 'NIPLE PVC 3/4\" X 1 1/2\'\' PAVCO', 0, 0, 0, 1),
(478, 'KB-0478', 'NIPLE PVC 3/4\" X 2\'\' PAVCO', 0, 0, 0, 1),
(479, 'KB-0479', 'NIPLE PVC 3/4\" X 2 1/2\'\' PAVCO', 0, 0, 0, 1),
(480, 'KB-0480', 'NIPLE PVC 3/4\" X 3\'\' PAVCO', 0, 0, 0, 1),
(481, 'KB-0481', 'NIPLE PVC 3/4\" X 3 1/2\'\' PAVCO', 0, 0, 0, 1),
(482, 'KB-0482', 'NIPLE PVC 3/4\" X 4\'\' PAVCO', 0, 0, 0, 1),
(483, 'KB-0483', 'NIPLE PVC 3/4\" X 5\'\' PAVCO', 0, 0, 0, 1),
(484, 'KB-0484', 'NIPLE PVC 3/4\" X 6\'\' PAVCO', 0, 0, 0, 1),
(485, 'KB-0485', 'NIPLE PVC 3/4\" X 7\'\' PAVCO', 0, 0, 0, 1),
(486, 'KB-0486', 'NIPLE PVC 3/4\" X 8\'\' PAVCO', 0, 0, 0, 1),
(487, 'KB-0487', 'NIPLE PVC 3/4\" X 9\'\' PAVCO', 0, 0, 0, 1),
(488, 'KB-0488', 'NIPLE PVC 3/4\" X 10\'\' PAVCO', 0, 0, 0, 1),
(489, 'KB-0489', 'NIPLE PVC 3/4\" X 11\'\' PAVCO', 0, 0, 0, 1),
(490, 'KB-0490', 'NIPLE PVC 3/4\" X 12\" PAVCO', 0, 0, 0, 1),
(491, 'KB-0491', 'NIPLE PVC 1\" X 1 1/2\'\' PAVCO', 0, 0, 0, 1),
(492, 'KB-0492', 'NIPLE PVC 1\" X 2\'\' PAVCO', 0, 0, 0, 1),
(493, 'KB-0493', 'NIPLE PVC 1\" X 2 1/2\'\' PAVCO', 0, 0, 0, 1),
(494, 'KB-0494', 'NIPLE PVC 1\" X 3\'\' PAVCO', 0, 0, 0, 1),
(495, 'KB-0495', 'NIPLE PVC 1\" X 3 1/2\'\' PAVCO', 0, 0, 0, 1),
(496, 'KB-0496', 'NIPLE PVC 1\" X 4\'\' PAVCO', 0, 0, 0, 1),
(497, 'KB-0497', 'NIPLE PVC 1\" X 5\'\' PAVCO', 0, 0, 0, 1),
(498, 'KB-0498', 'NIPLE PVC 1\" X 6\'\' PAVCO', 0, 0, 0, 1),
(499, 'KB-0499', 'NIPLE PVC 1\" X 7\'\' PAVCO', 0, 0, 0, 1),
(500, 'KB-0500', 'NIPLE PVC 1\" X 8\'\' PAVCO', 0, 0, 0, 1),
(501, 'KB-0501', 'NIPLE PVC 1\" X 9\'\' PAVCO', 0, 0, 0, 1),
(502, 'KB-0502', 'NIPLE PVC 1\" X 10\'\' PAVCO', 0, 0, 0, 1),
(503, 'KB-0503', 'NIPLE PVC 1\" X 11\'\' PAVCO', 0, 0, 0, 1),
(504, 'KB-0504', 'NIPLE PVC 1\" X 12\" PAVCO', 0, 0, 0, 1),
(505, 'KB-0505', 'NIPLE PVC 1 1/4\" X 1 1/2\'\' PAVCO', 0, 0, 0, 1),
(506, 'KB-0506', 'NIPLE PVC 1 1/4\" X 2\'\' PAVCO', 0, 0, 0, 1),
(507, 'KB-0507', 'NIPLE PVC 1 1/4\" X 2 1/2\'\' PAVCO', 0, 0, 0, 1),
(508, 'KB-0508', 'NIPLE PVC 1 1/4\" X 3\'\' PAVCO', 0, 0, 0, 1),
(509, 'KB-0509', 'NIPLE PVC 1 1/4\" X 3 1/2\'\' PAVCO', 0, 0, 0, 1),
(510, 'KB-0510', 'NIPLE PVC 1 1/4\" X 4\'\' PAVCO', 0, 0, 0, 1),
(511, 'KB-0511', 'NIPLE PVC 1 1/4\" X 5\'\' PAVCO', 0, 0, 0, 1),
(512, 'KB-0512', 'NIPLE PVC 1 1/4\" X 6\'\' PAVCO', 0, 0, 0, 1),
(513, 'KB-0513', 'NIPLE PVC 1 1/4\" X 7\'\' PAVCO', 0, 0, 0, 1),
(514, 'KB-0514', 'NIPLE PVC 1 1/4\" X 8\'\' PAVCO', 0, 0, 0, 1),
(515, 'KB-0515', 'NIPLE PVC 1 1/4\" X 9\'\' PAVCO', 0, 0, 0, 1),
(516, 'KB-0516', 'NIPLE PVC 1 1/4\" X 10\'\' PAVCO', 0, 0, 0, 1),
(517, 'KB-0517', 'NIPLE PVC 1 1/4\" X 11\'\' PAVCO', 0, 0, 0, 1),
(518, 'KB-0518', 'NIPLE PVC 1 1/4\" X 12\" PAVCO', 0, 0, 0, 1),
(519, 'KB-0519', 'NIPLE PVC 1 1/2\" X 1 1/2\'\' PAVCO', 0, 0, 0, 1),
(520, 'KB-0520', 'NIPLE PVC 1 1/2\" X 2\'\' PAVCO', 0, 0, 0, 1),
(521, 'KB-0521', 'NIPLE PVC 1 1/2\" X 2 1/2\'\' PAVCO', 0, 0, 0, 1),
(522, 'KB-0522', 'NIPLE PVC 1 1/2\" X 3\'\' PAVCO', 0, 0, 0, 1),
(523, 'KB-0523', 'NIPLE PVC 1 1/2\" X 3 1/2\'\' PAVCO', 0, 0, 0, 1),
(524, 'KB-0524', 'NIPLE PVC 1 1/2\" X 4\'\' PAVCO', 0, 0, 0, 1),
(525, 'KB-0525', 'NIPLE PVC 1 1/2\" X 5\'\' PAVCO', 0, 0, 0, 1),
(526, 'KB-0526', 'NIPLE PVC 1 1/2\" X 6\'\' PAVCO', 0, 0, 0, 1),
(527, 'KB-0527', 'NIPLE PVC 1 1/2\" X 7\'\' PAVCO', 0, 0, 0, 1),
(528, 'KB-0528', 'NIPLE PVC 1 1/2\" X 8\'\' PAVCO', 0, 0, 0, 1),
(529, 'KB-0529', 'NIPLE PVC 1 1/2\" X 9\'\' PAVCO', 0, 0, 0, 1),
(530, 'KB-0530', 'NIPLE PVC 1 1/2\" X 10\'\' PAVCO', 0, 0, 0, 1),
(531, 'KB-0531', 'NIPLE PVC 1 1/2\" X 11\'\' PAVCO', 0, 0, 0, 1),
(532, 'KB-0532', 'NIPLE PVC 1 1/2\" X 12\" PAVCO', 0, 0, 0, 1),
(533, 'KB-0533', 'NIPLE PVC 2\" X 1 1/2\'\' PAVCO', 0, 0, 0, 1),
(534, 'KB-0534', 'NIPLE PVC 2\" X 2\'\' PAVCO', 0, 0, 0, 1),
(535, 'KB-0535', 'NIPLE PVC 2\" X 2 1/2\'\' PAVCO', 0, 0, 0, 1),
(536, 'KB-0536', 'NIPLE PVC 2\" X 3\'\' PAVCO', 0, 0, 0, 1),
(537, 'KB-0537', 'NIPLE PVC 2\" X 3 1/2\'\' PAVCO', 0, 0, 0, 1),
(538, 'KB-0538', 'NIPLE PVC 2\" X 4\'\' PAVCO', 0, 0, 0, 1),
(539, 'KB-0539', 'NIPLE PVC 2\" X 5\'\' PAVCO', 0, 0, 0, 1),
(540, 'KB-0540', 'NIPLE PVC 2\" X 6\'\' PAVCO', 0, 0, 0, 1),
(541, 'KB-0541', 'NIPLE PVC 2\" X 7\'\' PAVCO', 0, 0, 0, 1),
(542, 'KB-0542', 'NIPLE PVC 2\" X 8\'\' PAVCO', 0, 0, 0, 1),
(543, 'KB-0543', 'NIPLE PVC 2\" X 9\'\' PAVCO', 0, 0, 0, 1),
(544, 'KB-0544', 'NIPLE PVC 2\" X 10\'\' PAVCO', 0, 0, 0, 1),
(545, 'KB-0545', 'NIPLE PVC 2\" X 11\'\' PAVCO', 0, 0, 0, 1),
(546, 'KB-0546', 'NIPLE PVC 2\" X 12\" PAVCO', 0, 0, 0, 1),
(547, 'KB-0547', 'NIPLE PVC 2 1/2\" X 1 1/2\'\' PAVCO', 0, 0, 0, 1),
(548, 'KB-0548', 'NIPLE PVC 2 1/2\" X 2\'\' PAVCO', 0, 0, 0, 1),
(549, 'KB-0549', 'NIPLE PVC 2 1/2\" X 2 1/2\'\' PAVCO', 0, 0, 0, 1),
(550, 'KB-0550', 'NIPLE PVC 2 1/2\" X 3\'\' PAVCO', 0, 0, 0, 1),
(551, 'KB-0551', 'NIPLE PVC 2 1/2\" X 3 1/2\'\' PAVCO', 0, 0, 0, 1),
(552, 'KB-0552', 'NIPLE PVC 2 1/2\" X 4\'\' PAVCO', 0, 0, 0, 1),
(553, 'KB-0553', 'NIPLE PVC 2 1/2\" X 5\'\' PAVCO', 0, 0, 0, 1),
(554, 'KB-0554', 'NIPLE PVC 2 1/2\" X 6\'\' PAVCO', 0, 0, 0, 1),
(555, 'KB-0555', 'NIPLE PVC 2 1/2\" X 7\'\' PAVCO', 0, 0, 0, 1),
(556, 'KB-0556', 'NIPLE PVC 2 1/2\" X 8\'\' PAVCO', 0, 0, 0, 1),
(557, 'KB-0557', 'NIPLE PVC 2 1/2\" X 9\'\' PAVCO', 0, 0, 0, 1),
(558, 'KB-0558', 'NIPLE PVC 2 1/2\" X 10\'\' PAVCO', 0, 0, 0, 1),
(559, 'KB-0559', 'NIPLE PVC 2 1/2\" X 11\'\' PAVCO', 0, 0, 0, 1),
(560, 'KB-0560', 'NIPLE PVC 2 1/2\" X 12\" PAVCO', 0, 0, 0, 1),
(561, 'KB-0561', 'NIPLE PVC 3\" X 1 1/2\'\' PAVCO', 0, 0, 0, 1),
(562, 'KB-0562', 'NIPLE PVC 3\" X 2\'\' PAVCO', 0, 0, 0, 1),
(563, 'KB-0563', 'NIPLE PVC 3\" X 2 1/2\'\' PAVCO', 0, 0, 0, 1),
(564, 'KB-0564', 'NIPLE PVC 3\" X 3\'\' PAVCO', 0, 0, 0, 1),
(565, 'KB-0565', 'NIPLE PVC 3\" X 3 1/2\'\' PAVCO', 0, 0, 0, 1),
(566, 'KB-0566', 'NIPLE PVC 3\" X 4\'\' PAVCO', 0, 0, 0, 1),
(567, 'KB-0567', 'NIPLE PVC 3\" X 5\'\' PAVCO', 0, 0, 0, 1),
(568, 'KB-0568', 'NIPLE PVC 3\" X 6\'\' PAVCO', 0, 0, 0, 1),
(569, 'KB-0569', 'NIPLE PVC 3\" X 7\'\' PAVCO', 0, 0, 0, 1),
(570, 'KB-0570', 'NIPLE PVC 3\" X 8\'\' PAVCO', 0, 0, 0, 1),
(571, 'KB-0571', 'NIPLE PVC 3\" X 9\'\' PAVCO', 0, 0, 0, 1),
(572, 'KB-0572', 'NIPLE PVC 3\" X 10\'\' PAVCO', 0, 0, 0, 1),
(573, 'KB-0573', 'NIPLE PVC 3\" X 11\'\' PAVCO', 0, 0, 0, 1),
(574, 'KB-0574', 'NIPLE PVC 3\" X 12\" PAVCO', 0, 0, 0, 1),
(575, 'KB-0575', 'NIPLE PVC 4\" X 4\'\' PAVCO', 0, 0, 0, 1),
(576, 'KB-0576', 'NIPLE PVC 4\" X 5\'\' PAVCO', 0, 0, 0, 1),
(577, 'KB-0577', 'NIPLE PVC 4\" X 6\'\' PAVCO', 0, 0, 0, 1),
(578, 'KB-0578', 'NIPLE PVC 4\" X 7\'\' PAVCO', 0, 0, 0, 1),
(579, 'KB-0579', 'NIPLE PVC 4\" X 8\'\' PAVCO', 0, 0, 0, 1),
(580, 'KB-0580', 'NIPLE PVC 4\" X 9\'\' PAVCO', 0, 0, 0, 1),
(581, 'KB-0581', 'NIPLE PVC 4\" X 10\'\' PAVCO', 0, 0, 0, 1),
(582, 'KB-0582', 'NIPLE PVC 4\" X 11\'\' PAVCO', 0, 0, 0, 1),
(583, 'KB-0583', 'NIPLE PVC 4\" X 12\" PAVCO', 0, 0, 0, 1),
(584, 'KB-0584', 'CRUZ HHHH 1/2\" IPS', 0, 0, 0, 5),
(585, 'KB-0585', 'CRUZ HHHH 3/4\" IPS', 0, 0, 0, 5),
(586, 'KB-0586', 'CRUZ HHHH 1\" IPS', 0, 0, 0, 5),
(587, 'KB-0587', 'CRUZ HHHH 1 1/4\" IPS', 0, 0, 0, 5),
(588, 'KB-0588', 'CRUZ HHHH 1 1/2\" IPS', 0, 0, 0, 5),
(589, 'KB-0589', 'CRUZ HHHH 2\" IPS', 0, 0, 0, 5),
(590, 'KB-0590', 'TEE HHH 1/2\" IPS', 0, 0, 0, 5),
(591, 'KB-0591', 'TEE HHH 3/4\" IPS', 0, 0, 0, 5),
(592, 'KB-0592', 'TEE HHH 1\" IPS', 0, 0, 0, 5),
(593, 'KB-0593', 'TEE HHH 1 1/4\" IPS', 0, 0, 0, 5),
(594, 'KB-0594', 'TEE HHH 1 1/2\" IPS', 0, 0, 0, 5),
(595, 'KB-0595', 'TEE HHH 2\" IPS', 0, 0, 0, 5),
(596, 'KB-0596', 'TEE HHH 2 1/2\" IPS', 0, 0, 0, 5),
(597, 'KB-0597', 'TEE HHH 3\" IPS', 0, 0, 0, 5),
(598, 'KB-0598', 'UNION HH 1/2\" IPS', 0, 0, 0, 5),
(599, 'KB-0599', 'UNION HH 3/4\" IPS', 0, 0, 0, 5),
(600, 'KB-0600', 'UNION HH 1\" IPS', 0, 0, 0, 5),
(601, 'KB-0601', 'UNION HH 1 1/4\" IPS', 0, 0, 0, 5),
(602, 'KB-0602', 'UNION HH 1 1/2\" IPS', 0, 0, 0, 5),
(603, 'KB-0603', 'UNION HH 2\" IPS', 0, 0, 0, 5),
(604, 'KB-0604', 'UNION HH 2 1/2\" IPS', 0, 0, 0, 5),
(605, 'KB-0605', 'UNION HH 3\" IPS', 0, 0, 0, 5),
(606, 'KB-0606', 'UNION HH 4\" IPS', 0, 0, 0, 5),
(607, 'KB-0607', 'ENTREROSCA MM 1/2\" IPS', 0, 0, 0, 5),
(608, 'KB-0608', 'ENTREROSCA MM 3/4\" IPS', 0, 0, 0, 5),
(609, 'KB-0609', 'ENTREROSCA MM 1\" IPS', 0, 0, 0, 5),
(610, 'KB-0610', 'ENTREROSCA MM 1 1/4\" IPS', 0, 0, 0, 5),
(611, 'KB-0611', 'ENTREROSCA MM 1 1/2\" IPS', 0, 0, 0, 5),
(612, 'KB-0612', 'ENTREROSCA MM 2\" IPS', 0, 0, 0, 5),
(613, 'KB-0613', 'ENTREROSCA MM 2 1/2\" IPS', 0, 0, 0, 5),
(614, 'KB-0614', 'TAPON MACHO 1/2\" IPS', 0, 0, 0, 5),
(615, 'KB-0615', 'TAPON MACHO 3/4\" IPS', 0, 0, 0, 5),
(616, 'KB-0616', 'TAPON MACHO 1\" IPS', 0, 0, 0, 5),
(617, 'KB-0617', 'TAPON MACHO 1 1/4\" IPS', 0, 0, 0, 5),
(618, 'KB-0618', 'TAPON MACHO 1 1/2\" IPS', 0, 0, 0, 5),
(619, 'KB-0619', 'TAPON MACHO 2\" IPS', 0, 0, 0, 5),
(620, 'KB-0620', 'TAPON MACHO 2 1/2\" IPS', 0, 0, 0, 5),
(621, 'KB-0621', 'TAPON MACHO 3\" IPS', 0, 0, 0, 5),
(622, 'KB-0622', 'TAPON MACHO 4\" IPS', 0, 0, 0, 5),
(623, 'KB-0623', 'TAPON HEMBRA 1/2\" IPS', 0, 0, 0, 5),
(624, 'KB-0624', 'TAPON HEMBRA 3/4\" IPS', 0, 0, 0, 5),
(625, 'KB-0625', 'TAPON HEMBRA 1\" IPS', 0, 0, 0, 5),
(626, 'KB-0626', 'TAPON HEMBRA 1 1/4\" IPS', 0, 0, 0, 5),
(627, 'KB-0627', 'TAPON HEMBRA 1 1/2\" IPS', 0, 0, 0, 5),
(628, 'KB-0628', 'TAPON HEMBRA 2\" IPS', 0, 0, 0, 5),
(629, 'KB-0629', 'CURVA MH 90° X 1/2\" IPS', 0, 0, 0, 5),
(630, 'KB-0630', 'CURVA MH 90° X 3/4\" IPS', 0, 0, 0, 5),
(631, 'KB-0631', 'CURVA MH 90° X 1\" IPS', 0, 0, 0, 5),
(632, 'KB-0632', 'CURVA HH 90° X 1/2\" IPS', 0, 0, 0, 5),
(633, 'KB-0633', 'CURVA HH 90° X 3/4\" IPS', 0, 0, 0, 5),
(634, 'KB-0634', 'CURVA HH 90° X 1\" IPS', 0, 0, 0, 5),
(635, 'KB-0635', 'CURVA HH 90° X 1 1/4\" IPS', 0, 0, 0, 5),
(636, 'KB-0636', 'CURVA HH 90° X 1 1/2\" IPS', 0, 0, 0, 5),
(637, 'KB-0637', 'CURVA HH 90° X 2\" IPS', 0, 0, 0, 5),
(638, 'KB-0638', 'UNION MH 1/2\" IPS', 0, 0, 0, 5),
(639, 'KB-0639', 'UNION MH 3/4\" IPS', 0, 0, 0, 5),
(640, 'KB-0640', 'SOBREPASO MM 1/2\" IPS', 0, 0, 0, 5),
(641, 'KB-0641', 'SOBREPASO MM 3/4\" IPS', 0, 0, 0, 5),
(642, 'KB-0642', 'SOBREPASO MM 1\" IPS', 0, 0, 0, 5),
(643, 'KB-0643', 'NIPLE C/TUERCA 1/2\" X 6CM IPS', 0, 0, 0, 5),
(644, 'KB-0644', 'NIPLE C/TUERCA 3/4\" X 6CM IPS', 0, 0, 0, 5),
(645, 'KB-0645', 'NIPLE C/TUERCA 1\" X 6CM IPS', 0, 0, 0, 5),
(646, 'KB-0646', 'NIPLE C/TUERCA 1/2\" X 8CM IPS', 0, 0, 0, 5),
(647, 'KB-0647', 'NIPLE C/TUERCA 3/4\" X 8CM IPS', 0, 0, 0, 5),
(648, 'KB-0648', 'NIPLE C/TUERCA 1\" X 8CM IPS', 0, 0, 0, 5),
(649, 'KB-0649', 'NIPLE C/TUERCA 3/4\" X 10CM IPS', 0, 0, 0, 5),
(650, 'KB-0650', 'NIPLE C/TUERCA 1\" X 10CM IPS', 0, 0, 0, 5),
(651, 'KB-0651', 'NIPLE C/TUERCA 1/2\" X 10CM IPS', 0, 0, 0, 5),
(652, 'KB-0652', 'NIPLE C/TUERCA 3/4\" X 10CM IPS', 0, 0, 0, 5),
(653, 'KB-0653', 'NIPLE C/TUERCA 1\" X 10CM IPS', 0, 0, 0, 5),
(654, 'KB-0654', 'NIPLE C/TUERCA 1 1/4\" X 10CM IPS', 0, 0, 0, 5),
(655, 'KB-0655', 'NIPLE C/TUERCA 1 1/2\" X 10CM IPS', 0, 0, 0, 5),
(656, 'KB-0656', 'NIPLE C/TUERCA 2\" X 10CM IPS', 0, 0, 0, 5),
(657, 'KB-0657', 'NIPLE C/TUERCA 1/2\" X 12CM IPS', 0, 0, 0, 5),
(658, 'KB-0658', 'NIPLE C/TUERCA 3/4\" X 12CM IPS', 0, 0, 0, 5),
(659, 'KB-0659', 'NIPLE C/TUERCA 1/2\" X 15CM IPS', 0, 0, 0, 5),
(660, 'KB-0660', 'NIPLE C/TUERCA 3/4\" X 15CM IPS', 0, 0, 0, 5),
(661, 'KB-0661', 'NIPLE C/TUERCA 1\" X 15CM IPS', 0, 0, 0, 5),
(662, 'KB-0662', 'NIPLE C/TUERCA 1 1/4\" X 15CM IPS', 0, 0, 0, 5),
(663, 'KB-0663', 'NIPLE C/TUERCA 1 1/2\" X 15CM IPS', 0, 0, 0, 5),
(664, 'KB-0664', 'ADAPTADOR P/TANQUE 1/2\" IPS', 0, 0, 0, 5),
(665, 'KB-0665', 'ADAPTADOR P/TANQUE 3/4\" IPS', 0, 0, 0, 5),
(666, 'KB-0666', 'ADAPTADOR P/TANQUE 1\" IPS', 0, 0, 0, 5),
(667, 'KB-0667', 'ADAPTADOR P/TANQUE 1 1/4\" IPS', 0, 0, 0, 5),
(668, 'KB-0668', 'ADAPTADOR P/TANQUE 1 1/2\" IPS', 0, 0, 0, 5),
(669, 'KB-0669', 'ADAPTADOR P/TANQUE 2\" IPS', 0, 0, 0, 5),
(670, 'KB-0670', 'CODO C/REDUCCION HH 3/4\" A 1/2\" IPS', 0, 0, 0, 5),
(671, 'KB-0671', 'CODO C/REDUCCION HH 1\" A 1/2\" IPS', 0, 0, 0, 5),
(672, 'KB-0672', 'CODO C/REDUCCION HH 1\" A 3/4\" IPS', 0, 0, 0, 5),
(673, 'KB-0673', 'REDUCCION CAMPANA HH 3/4\" A 1/2\" IPS', 0, 0, 0, 5),
(674, 'KB-0674', 'REDUCCION CAMPANA HH 1\" A 1/2\" IPS', 0, 0, 0, 5),
(675, 'KB-0675', 'REDUCCION CAMPANA HH 1\" A 3/4\" IPS', 0, 0, 0, 5),
(676, 'KB-0676', 'REDUCCION BUSHING MH 3/4\" A 1/2\" IPS', 0, 0, 0, 5),
(677, 'KB-0677', 'REDUCCION BUSHING MH 1\" A 1/2\" IPS', 0, 0, 0, 5),
(678, 'KB-0678', 'REDUCCION BUSHING MH 1\" A 3/4\" IPS', 0, 0, 0, 5),
(679, 'KB-0679', 'REDUCCION BUSHING MH 1 1/4\" A 1/2\" IPS', 0, 0, 0, 5),
(680, 'KB-0680', 'REDUCCION BUSHING MH 1 1/4\" A 3/4\" IPS', 0, 0, 0, 5),
(681, 'KB-0681', 'REDUCCION BUSHING MH 1 1/4\" A 1\" IPS', 0, 0, 0, 5),
(682, 'KB-0682', 'REDUCCION BUSHING MH 1 1/2\" A 1/2\" IPS', 0, 0, 0, 5),
(683, 'KB-0683', 'REDUCCION BUSHING MH 1 1/2\" A 3/4\" IPS', 0, 0, 0, 5),
(684, 'KB-0684', 'REDUCCION BUSHING MH 1 1/2\" A 1\" IPS', 0, 0, 0, 5),
(685, 'KB-0685', 'REDUCCION BUSHING MH 1 1/2\" A 1 1/4\" IPS', 0, 0, 0, 5),
(686, 'KB-0686', 'REDUCCION BUSHING MH 2\" A 1/2\" IPS', 0, 0, 0, 5),
(687, 'KB-0687', 'REDUCCION BUSHING MH 2\" A 3/4\" IPS', 0, 0, 0, 5),
(688, 'KB-0688', 'REDUCCION BUSHING MH 2\" A 1\" IPS', 0, 0, 0, 5),
(689, 'KB-0689', 'REDUCCION BUSHING MH 2\" A 1 1/4\" IPS', 0, 0, 0, 5),
(690, 'KB-0690', 'REDUCCION BUSHING MH 2\" A 1 1/2\" IPS', 0, 0, 0, 5),
(691, 'KB-0691', 'REDUCCION BUSHING MH 2 1/2\" A 1 1/2\" IPS', 0, 0, 0, 5),
(692, 'KB-0692', 'REDUCCION BUSHING MH 2 1/2\" A 2\" IPS', 0, 0, 0, 5),
(693, 'KB-0693', 'REDUCCION BUSHING MH 3\" A 2 1/2\" IPS', 0, 0, 0, 5),
(694, 'KB-0694', 'REDUCCION BUSHING MH 4\" A 3\" IPS', 0, 0, 0, 5),
(695, 'KB-0695', 'CODO C/INSERTO H 1/2\" IPS', 0, 0, 0, 5),
(696, 'KB-0696', 'CODO C/INSERTO H 3/4\" IPS', 0, 0, 0, 5),
(697, 'KB-0697', 'CODO C/INSERTO H 1\" IPS', 0, 0, 0, 5),
(698, 'KB-0698', 'CODO C/INSERTO M 3/4\" IPS', 0, 0, 0, 5),
(699, 'KB-0699', 'CODO C/INSERTO M 1\" IPS', 0, 0, 0, 5),
(700, 'KB-0700', 'TEE C/INSERTO H 1/2\" IPS', 0, 0, 0, 5),
(701, 'KB-0701', 'TEE C/INSERTO H 3/4\" IPS', 0, 0, 0, 5),
(702, 'KB-0702', 'TEE C/INSERTO H 1\" IPS', 0, 0, 0, 5),
(703, 'KB-0703', 'UNION C/INSERTO H 1/2\" IPS', 0, 0, 0, 5),
(704, 'KB-0704', 'UNION C/INSERTO H 3/4\" IPS', 0, 0, 0, 5),
(705, 'KB-0705', 'UNION C/INSERTO H 1\" IPS', 0, 0, 0, 5),
(706, 'KB-0706', 'UNION C/INSERTO M 3/4\" IPS', 0, 0, 0, 5),
(707, 'KB-0707', 'UNION C/INSERTO M 1\" IPS', 0, 0, 0, 5),
(708, 'KB-0708', 'TEE C/INSERTO M 1/2\" IPS', 0, 0, 0, 5),
(709, 'KB-0709', 'TEE C/INSERTO M 3/4\" IPS', 0, 0, 0, 5),
(710, 'KB-0710', 'TEE C/INSERTO M 1\" IPS', 0, 0, 0, 5),
(711, 'KB-0711', 'UNION UNIVERSAL HH 1/2\" IPS', 0, 0, 0, 5),
(712, 'KB-0712', 'UNION UNIVERSAL HH 3/4\" IPS', 0, 0, 0, 5),
(713, 'KB-0713', 'UNION UNIVERSAL HH 1\" IPS', 0, 0, 0, 5),
(714, 'KB-0714', 'UNION UNIVERSAL HH 1 1/4\" IPS', 0, 0, 0, 5),
(715, 'KB-0715', 'UNION UNIVERSAL HH 1 1/2\" IPS', 0, 0, 0, 5),
(716, 'KB-0716', 'UNION UNIVERSAL HH 2\" IPS', 0, 0, 0, 5),
(717, 'KB-0717', 'UNION UNIVERSAL HH 2 1/2\" IPS', 0, 0, 0, 5),
(718, 'KB-0718', 'UNION UNIVERSAL MH 1/2\" IPS', 0, 0, 0, 5),
(719, 'KB-0719', 'UNION UNIVERSAL MH 3/4\" IPS', 0, 0, 0, 5),
(720, 'KB-0720', 'UNION UNIVERSAL MH 1\" IPS', 0, 0, 0, 5),
(721, 'KB-0721', 'TUBO VERDE H3 1/2\" X 6M SALADILLO', 0, 0, 0, 4),
(722, 'KB-0722', 'TUBO VERDE H3 3/4\" X 6M SALADILLO', 0, 0, 0, 4);
INSERT INTO `tproductos` (`id_pro`, `cod_pro`, `des_pro`, `p_compra`, `inicial`, `cod_prov`, `id_mar`) VALUES
(723, 'KB-0723', 'TUBO VERDE H3 1\" X 6M SALADILLO', 0, 0, 0, 4),
(724, 'KB-0724', 'TUBO VERDE H3 1 1/4\" X 6M SALADILLO', 0, 0, 0, 4),
(725, 'KB-0725', 'TUBO VERDE H3 1 1/2\" X 6M SALADILLO', 0, 0, 0, 4),
(726, 'KB-0726', 'TUBO VERDE H3 2\" X 6M SALADILLO', 0, 0, 0, 4),
(727, 'KB-0727', 'TUBO VERDE H3 2 1/2\" X 6M SALADILLO', 0, 0, 0, 4),
(728, 'KB-0728', 'TUBO VERDE H3 3\" X 6M SALADILLO', 0, 0, 0, 4),
(729, 'KB-0729', 'TUBO VERDE H3 4\" X 6M SALADILLO', 0, 0, 0, 4),
(730, 'KB-0730', 'CODO FU-FU 90° X 1/2\" 4001 SALADILLO', 0, 0, 0, 4),
(731, 'KB-0731', 'CODO FU-FU 90° X 3/4\" 4002 SALADILLO', 0, 0, 0, 4),
(732, 'KB-0732', 'CODO FU-FU 90° X 1\" 4003 SALADILLO', 0, 0, 0, 4),
(733, 'KB-0733', 'CODO FU-FU 90° X 1 1/4\" 4004 SALADILLO', 0, 0, 0, 4),
(734, 'KB-0734', 'CODO FU-FU 90° X 1 1/2\" 4005 SALADILLO', 0, 0, 0, 4),
(735, 'KB-0735', 'CODO FU-FU 90° X 2\" 4006 SALADILLO', 0, 0, 0, 4),
(736, 'KB-0736', 'CODO FU-FU 90° X 2 1/2\" 4007 SALADILLO', 0, 0, 0, 4),
(737, 'KB-0737', 'CODO FU-FU 90° X 3\" 4008 SALADILLO', 0, 0, 0, 4),
(738, 'KB-0738', 'CODO FU-ROS H 90° X 1/2\" 5001 SALADILLO', 0, 0, 0, 4),
(739, 'KB-0739', 'CODO FU-ROS H 90° X 3/4\" 5002 SALADILLO', 0, 0, 0, 4),
(740, 'KB-0740', 'CODO FU-ROS H 90° X 1\" 5003 SALADILLO', 0, 0, 0, 4),
(741, 'KB-0741', 'CODO FU-ROS H 90° X 1 1/4\" 5004 SALADILLO', 0, 0, 0, 4),
(742, 'KB-0742', 'CODO FU-ROS H 90° X 1 1/2\" 5005 SALADILLO', 0, 0, 0, 4),
(743, 'KB-0743', 'CODO FU-ROS H 90° X 2\" 5006 SALADILLO', 0, 0, 0, 4),
(744, 'KB-0744', 'CODO F-INSERTO H 90° X 1/2\" 4351 SALADILLO', 0, 0, 0, 4),
(745, 'KB-0745', 'CODO F-INSERTO H 90° X 3/4\" 4352 SALADILLO', 0, 0, 0, 4),
(746, 'KB-0746', 'CODO F-INSERTO H 90° X 1\" 4353 SALADILLO', 0, 0, 0, 4),
(747, 'KB-0747', 'CODO F-INSERTO H 90° X 1 1/4\" 4354 SALADILLO', 0, 0, 0, 4),
(748, 'KB-0748', 'CODO F-INSERTO H 90° X 1 1/2\" 4355 SALADILLO', 0, 0, 0, 4),
(749, 'KB-0749', 'CODO F-INSERTO H 90° X 2\" 4356 SALADILLO', 0, 0, 0, 4),
(750, 'KB-0750', 'CODO F-INSERTO H 90° X 3\" 4358 SALADILLO', 0, 0, 0, 4),
(751, 'KB-0751', 'TEE FU-FU 1/2\" 4011 SALADILLO', 0, 0, 0, 4),
(752, 'KB-0752', 'TEE FU-FU 3/4\" 4012 SALADILLO', 0, 0, 0, 4),
(753, 'KB-0753', 'TEE FU-FU 1\" 4013 SALADILLO', 0, 0, 0, 4),
(754, 'KB-0754', 'TEE FU-FU 1 1/4\" 4014 SALADILLO', 0, 0, 0, 4),
(755, 'KB-0755', 'TEE FU-FU 1 1/2\" 4015 SALADILLO', 0, 0, 0, 4),
(756, 'KB-0756', 'TEE FU-FU 2\" 4016 SALADILLO', 0, 0, 0, 4),
(757, 'KB-0757', 'TEE FU-FU 2 1/2\" 4017 SALADILLO', 0, 0, 0, 4),
(758, 'KB-0758', 'TEE FU-FU 3\" 4018 SALADILLO', 0, 0, 0, 4),
(759, 'KB-0759', 'TEE FU-FU 4\" 4019 SALADILLO', 0, 0, 0, 4),
(760, 'KB-0760', 'CURVA FU-FU 1/2\" 4441 SALADILLO', 0, 0, 0, 4),
(761, 'KB-0761', 'CURVA FU-FU 3/4\" 4442 SALADILLO', 0, 0, 0, 4),
(762, 'KB-0762', 'CURVA FU-FU 1\" 4443 SALADILLO', 0, 0, 0, 4),
(763, 'KB-0763', 'CURVA FU-FU 1 1/4\" 4454 SALADILLO', 0, 0, 0, 4),
(764, 'KB-0764', 'CURVA FU-FU 1 1/2\" 4455 SALADILLO', 0, 0, 0, 4),
(765, 'KB-0765', 'CURVA FU-FU 2\" 4456 SALADILLO', 0, 0, 0, 4),
(766, 'KB-0766', 'TEE F-INSERTO H 1/2\" 4361 SALADILLO', 0, 0, 0, 4),
(767, 'KB-0767', 'TEE F-INSERTO H 3/4\" 4362 SALADILLO', 0, 0, 0, 4),
(768, 'KB-0768', 'TEE F-INSERTO H 1\" 4363 SALADILLO', 0, 0, 0, 4),
(769, 'KB-0769', 'TEE F-INSERTO H 1 1/4\" 4364 SALADILLO', 0, 0, 0, 4),
(770, 'KB-0770', 'TEE F-INSERTO H 1 1/2\" 4365 SALADILLO', 0, 0, 0, 4),
(771, 'KB-0771', 'TEE F-INSERTO H 2\" 4366 SALADILLO', 0, 0, 0, 4),
(772, 'KB-0772', 'TEE F-INSERTO H 3\" 4378 SALADILLO', 0, 0, 0, 4),
(773, 'KB-0773', 'CODO FU-FU 45° X 1/2\" 4401 SALADILLO', 0, 0, 0, 4),
(774, 'KB-0774', 'CODO FU-FU 45° X 3/4\" 4402 SALADILLO', 0, 0, 0, 4),
(775, 'KB-0775', 'CODO FU-FU 45° X 1\" 4403 SALADILLO', 0, 0, 0, 4),
(776, 'KB-0776', 'CODO FU-FU 45° X 1 1/4\" 4404 SALADILLO', 0, 0, 0, 4),
(777, 'KB-0777', 'CODO FU-FU 45° X 1 1/2\" 4405 SALADILLO', 0, 0, 0, 4),
(778, 'KB-0778', 'CODO FU-FU 45° X 2\" 4406 SALADILLO', 0, 0, 0, 4),
(779, 'KB-0779', 'CODO FU-FU 45° X 2 1/2\" 4407 SALADILLO', 0, 0, 0, 4),
(780, 'KB-0780', 'CODO FU-FU 45° X 3\" 4408 SALADILLO', 0, 0, 0, 4),
(781, 'KB-0781', 'CODO FU-FU 45° X 4\" 4409 SALADILLO', 0, 0, 0, 4),
(782, 'KB-0782', 'TEE FU-ROS H 1/2\" 5011 SALADILLO', 0, 0, 0, 4),
(783, 'KB-0783', 'TEE FU-ROS H 3/4\" 5012 SALADILLO', 0, 0, 0, 4),
(784, 'KB-0784', 'TEE FU-ROS H 1\" 5013 SALADILLO', 0, 0, 0, 4),
(785, 'KB-0785', 'TEE FU-ROS H 1 1/4\" 5014 SALADILLO', 0, 0, 0, 4),
(786, 'KB-0786', 'TEE FU-ROS H 1 1/2\" 5015 SALADILLO', 0, 0, 0, 4),
(787, 'KB-0787', 'TEE FU-ROS H 2\" 5016 SALADILLO', 0, 0, 0, 4),
(788, 'KB-0788', 'UNION FU-FU 1/2\" 4021 SALADILLO', 0, 0, 0, 4),
(789, 'KB-0789', 'UNION FU-FU 3/4\" 4022 SALADILLO', 100, 0, 0, 4),
(790, 'KB-0790', 'UNION FU-FU 1\" 4023 SALADILLO', 0, 0, 0, 4),
(791, 'KB-0791', 'UNION FU-FU 1 1/4\" 4024 SALADILLO', 0, 0, 0, 4),
(792, 'KB-0792', 'UNION FU-FU 1 1/2\" 4025 SALADILLO', 0, 0, 0, 4),
(793, 'KB-0793', 'UNION FU-FU 2\" 4026 SALADILLO', 0, 0, 0, 4),
(794, 'KB-0794', 'UNION FU-FU 2 1/2\" 4027 SALADILLO', 0, 0, 0, 4),
(795, 'KB-0795', 'UNION FU-FU 3\" 4028 SALADILLO', 0, 0, 0, 4),
(796, 'KB-0796', 'UNION FU-FU 4\" 4029 SALADILLO', 0, 0, 0, 4),
(797, 'KB-0797', 'UNION UNIVERSAL FU-FU 1/2\" 4031 SALADILLO', 0, 0, 0, 4),
(798, 'KB-0798', 'UNION UNIVERSAL FU-FU 3/4\" 4032 SALADILLO', 0, 0, 0, 4),
(799, 'KB-0799', 'UNION UNIVERSAL FU-FU 1\" 4033 SALADILLO', 0, 0, 0, 4),
(800, 'KB-0800', 'UNION UNIVERSAL FU-FU 1 1/4\" 4034 SALADILLO', 0, 0, 0, 4),
(801, 'KB-0801', 'UNION UNIVERSAL FU-FU 1 1/2\" 4035 SALADILLO', 0, 0, 0, 4),
(802, 'KB-0802', 'UNION UNIVERSAL FU-FU 2\" 4036 SALADILLO', 0, 0, 0, 4),
(803, 'KB-0803', 'UNION FU-ROS H 1/2\" 5021 SALADILLO', 0, 0, 0, 4),
(804, 'KB-0804', 'UNION FU-ROS H 3/4\" 5022 SALADILLO', 0, 0, 0, 4),
(805, 'KB-0805', 'UNION FU-ROS H 1\" 5023 SALADILLO', 0, 0, 0, 4),
(806, 'KB-0806', 'UNION FU-ROS H 1 1/4\" 5024 SALADILLO', 0, 0, 0, 4),
(807, 'KB-0807', 'UNION FU-ROS H 1 1/2\" 5025 SALADILLO', 0, 0, 0, 4),
(808, 'KB-0808', 'UNION FU-ROS H 2\" 5026 SALADILLO', 0, 0, 0, 4),
(809, 'KB-0809', 'UNION FU-ROS M 1/2\" 5371 SALADILLO', 0, 0, 0, 4),
(810, 'KB-0810', 'UNION FU-ROS M 3/4\" 5372 SALADILLO', 0, 0, 0, 4),
(811, 'KB-0811', 'UNION FU-ROS M 1\" 5373 SALADILLO', 0, 0, 0, 4),
(812, 'KB-0812', 'UNION FU-ROS M 1 1/4\" 5374 SALADILLO', 0, 0, 0, 4),
(813, 'KB-0813', 'UNION FU-ROS M 1 1/2\" 5375 SALADILLO', 0, 0, 0, 4),
(814, 'KB-0814', 'UNION FU-ROS M 2\" 5376 SALADILLO', 0, 0, 0, 4),
(815, 'KB-0815', 'UNION F-INSERTO H 1/2\" 5302 SALADILLO', 0, 0, 0, 4),
(816, 'KB-0816', 'UNION F-INSERTO H 3/4\" 5303 SALADILLO', 0, 0, 0, 4),
(817, 'KB-0817', 'UNION F-INSERTO H 1\" 5304 SALADILLO', 0, 0, 0, 4),
(818, 'KB-0818', 'UNION F-INSERTO H 1 1/4\" 5305 SALADILLO', 0, 0, 0, 4),
(819, 'KB-0819', 'UNION F-INSERTO H 1 1/2\" 5306 SALADILLO', 0, 0, 0, 4),
(820, 'KB-0820', 'UNION F-INSERTO H 2\" 5307 SALADILLO', 0, 0, 0, 4),
(821, 'KB-0821', 'UNION F-INSERTO H 2 1/2\" 5308 SALADILLO', 0, 0, 0, 4),
(822, 'KB-0822', 'UNION F-INSERTO H 3\" 5309 SALADILLO', 0, 0, 0, 4),
(823, 'KB-0823', 'TAPON HEMBRA FU-FU 1/2\" 7501 SALADILLO', 0, 0, 0, 4),
(824, 'KB-0824', 'TAPON HEMBRA FU-FU 3/4\" 7502 SALADILLO', 0, 0, 0, 4),
(825, 'KB-0825', 'TAPON HEMBRA FU-FU 1\" 7503 SALADILLO', 0, 0, 0, 4),
(826, 'KB-0826', 'TAPON HEMBRA FU-FU 1 1/4\" 7504 SALADILLO', 0, 0, 0, 4),
(827, 'KB-0827', 'TAPON HEMBRA FU-FU 1 1/2\" 7505 SALADILLO', 0, 0, 0, 4),
(828, 'KB-0828', 'TAPON HEMBRA FU-FU 2\" 7506 SALADILLO', 0, 0, 0, 4),
(829, 'KB-0829', 'TAPON HEMBRA FU-FU 2 1/2\" 7507 SALADILLO', 0, 0, 0, 4),
(830, 'KB-0830', 'TAPON HEMBRA FU-FU 3\" 7508 SALADILLO', 0, 0, 0, 4),
(831, 'KB-0831', 'TAPON HEMBRA FU-FU 4\" 7509 SALADILLO', 0, 0, 0, 4),
(832, 'KB-0832', 'TAPON MACHO C/ORING REUTILIZABLE 1/2\" 1930 SALADILLO', 0, 0, 0, 4),
(833, 'KB-0833', 'NIPLE FU-FU 1/2\" 5601 SALADILLO', 0, 0, 0, 4),
(834, 'KB-0834', 'NIPLE FU-FU 3/4\" 5602 SALADILLO', 0, 0, 0, 4),
(835, 'KB-0835', 'NIPLE FU-FU 1\" 5603 SALADILLO', 0, 0, 0, 4),
(836, 'KB-0836', 'NIPLE FU-FU 1 1/4\" 5604 SALADILLO', 0, 0, 0, 4),
(837, 'KB-0837', 'NIPLE FU-FU 1 1/2\" 5605 SALADILLO', 0, 0, 0, 4),
(838, 'KB-0838', 'NIPLE FU-FU 2\" 5606 SALADILLO', 0, 0, 0, 4),
(839, 'KB-0839', 'VALVULA DE PASO C/CAPUCHON FU-FU 1/2\" 6301 SALADILLO', 0, 0, 0, 4),
(840, 'KB-0840', 'VALVULA DE PASO C/CAPUCHON FU-FU 3/4\" 6301 SALADILLO', 0, 0, 0, 4),
(841, 'KB-0841', 'VALVULA DE PASO C/CAPUCHON FU-FU 1\" 6301 SALADILLO', 0, 0, 0, 4),
(842, 'KB-0842', 'SOBREPASO FU-FU 1/2\" 4050 SALADILLO', 0, 0, 0, 4),
(843, 'KB-0843', 'SOBREPASO FU-FU 3/4\" 4051 SALADILLO', 0, 0, 0, 4),
(844, 'KB-0844', 'SOBREPASO FU-FU 1\" 4052 SALADILLO', 0, 0, 0, 4),
(845, 'KB-0845', 'VALVULA DE PASO C/CAPUCHON MANDO OCULTO FU-FU 1/2\" 6431 SALADILLO', 0, 0, 0, 4),
(846, 'KB-0846', 'VALVULA DE PASO C/CAPUCHON MANDO OCULTO FU-FU 3/4\" 6431 SALADILLO', 0, 0, 0, 4),
(847, 'KB-0847', 'VALVULA DE PASO C/CAPUCHON MANDO OCULTO FU-FU 1\" 6431 SALADILLO', 0, 0, 0, 4),
(848, 'KB-0848', 'VALVULA DE PASO C/DOBLE UNIVERSAL FU-FU 1/2\" 6470 SALADILLO', 0, 0, 0, 4),
(849, 'KB-0849', 'VALVULA DE PASO C/DOBLE UNIVERSAL FU-FU 3/4\" 6471 SALADILLO', 0, 0, 0, 4),
(850, 'KB-0850', 'VALVULA DE PASO C/DOBLE UNIVERSAL FU-FU 1\" 6472 SALADILLO', 0, 0, 0, 4),
(851, 'KB-0851', 'VALVULA DE PASO C/DOBLE UNIVERSAL FU-FU 1 1/4\" 6473 SALADILLO', 0, 0, 0, 4),
(852, 'KB-0852', 'VALVULA DE PASO C/DOBLE UNIVERSAL FU-FU 1 1/2\" 6474 SALADILLO', 0, 0, 0, 4),
(853, 'KB-0853', 'VALVULA DE PASO C/DOBLE UNIVERSAL FU-FU 2\" 6475 SALADILLO', 0, 0, 0, 4),
(854, 'KB-0854', 'VALVULA FU-FU 1/2\" 6440 SALADILLO', 0, 0, 0, 4),
(855, 'KB-0855', 'VALVULA FU-FU 3/4\" 6441 SALADILLO', 0, 0, 0, 4),
(856, 'KB-0856', 'VALVULA FU-FU 1\" 6442 SALADILLO', 0, 0, 0, 4),
(857, 'KB-0857', 'VALVULA FU-FU 1 1/4\" 6443 SALADILLO', 0, 0, 0, 4),
(858, 'KB-0858', 'VALVULA FU-FU 1 1/2\" 6444 SALADILLO', 0, 0, 0, 4),
(859, 'KB-0859', 'VALVULA FU-FU 2\" 6445 SALADILLO', 0, 0, 0, 4),
(860, 'KB-0860', 'REDUCCION CAMPANA FU-FU 3/4\" A 1/2\" 4102 SALADILLO', 0, 0, 0, 4),
(861, 'KB-0861', 'REDUCCION CAMPANA FU-FU 1\" A 1/2\" 4103 SALADILLO', 0, 0, 0, 4),
(862, 'KB-0862', 'REDUCCION CAMPANA FU-FU 1\" A 3/4\" 4104 SALADILLO', 0, 0, 0, 4),
(863, 'KB-0863', 'REDUCCION CAMPANA FU-FU 1 1/4\" A 1\" 4105 SALADILLO', 0, 0, 0, 4),
(864, 'KB-0864', 'REDUCCION CAMPANA FU-FU 1 1/2\" A 1 1/4\" 4106 SALADILLO', 0, 0, 0, 4),
(865, 'KB-0865', 'REDUCCION CAMPANA FU-FU 2\" A 1 1/2\" 4107 SALADILLO', 0, 0, 0, 4),
(866, 'KB-0866', 'REDUCCION CAMPANA FU-FU 3\" A 2\" 4108 SALADILLO', 0, 0, 0, 4),
(867, 'KB-0867', 'REDUCCION CAMPANA FU-FU 3\" A 2 1/2\" 4109 SALADILLO', 0, 0, 0, 4),
(868, 'KB-0868', 'REDUCCION BUSHING FU-FU 3/4\" 4171 SALADILLO', 0, 0, 0, 4),
(869, 'KB-0869', 'REDUCCION BUSHING FU-FU 1\" 4172 SALADILLO', 0, 0, 0, 4),
(870, 'KB-0870', 'REDUCCION BUSHING FU-FU 1\" 4173 SALADILLO', 0, 0, 0, 4),
(871, 'KB-0871', 'REDUCCION BUSHING FU-FU 1 1/4\" 4174 SALADILLO', 0, 0, 0, 4),
(872, 'KB-0872', 'REDUCCION BUSHING FU-FU 1 1/4\" 4179 SALADILLO', 0, 0, 0, 4),
(873, 'KB-0873', 'REDUCCION BUSHING FU-FU 1 1/2\" 4183 SALADILLO', 0, 0, 0, 4),
(874, 'KB-0874', 'REDUCCION BUSHING FU-FU 1 1/2\" 4175 SALADILLO', 0, 0, 0, 4),
(875, 'KB-0875', 'REDUCCION BUSHING FU-FU 1 1/2\" 4178 SALADILLO', 0, 0, 0, 4),
(876, 'KB-0876', 'REDUCCION BUSHING FU-FU 2\" 4180 SALADILLO', 0, 0, 0, 4),
(877, 'KB-0877', 'REDUCCION BUSHING FU-FU 2\" 4176 SALADILLO', 0, 0, 0, 4),
(878, 'KB-0878', 'REDUCCION BUSHING FU-FU 2\" 4177 SALADILLO', 0, 0, 0, 4),
(879, 'KB-0879', 'REDUCCION BUSHING FU-FU 3\" 4182 SALADILLO', 0, 0, 0, 4),
(880, 'KB-0880', 'REDUCCION BUSHING FU-FU 3\" 4181 SALADILLO', 0, 0, 0, 4),
(881, 'KB-0881', 'REDUCCION BUSHING FU-FU 3\" 4184 SALADILLO', 0, 0, 0, 4),
(882, 'KB-0882', 'REDUCCION BUSHING FU-FU 2 1/2\" 4185 SALADILLO', 0, 0, 0, 4),
(883, 'KB-0883', 'REDUCCION BUSHING FU-FU 4\" 4190 SALADILLO', 0, 0, 0, 4),
(884, 'KB-0884', 'NIPLE H3 1/2\" X 1 1/2\'\' SALADILLO', 0, 0, 0, 4),
(885, 'KB-0885', 'NIPLE H3 1/2\" X 2\'\' SALADILLO', 0, 0, 0, 4),
(886, 'KB-0886', 'NIPLE H3 1/2\" X 2 1/2\'\' SALADILLO', 0, 0, 0, 4),
(887, 'KB-0887', 'NIPLE H3 1/2\" X 3\'\' SALADILLO', 0, 0, 0, 4),
(888, 'KB-0888', 'NIPLE H3 1/2\" X 3 1/2\'\' SALADILLO', 0, 0, 0, 4),
(889, 'KB-0889', 'NIPLE H3 1/2\" X 4\'\' SALADILLO', 0, 0, 0, 4),
(890, 'KB-0890', 'NIPLE H3 1/2\" X 5\'\' SALADILLO', 0, 0, 0, 4),
(891, 'KB-0891', 'NIPLE H3 1/2\" X 6\'\' SALADILLO', 0, 0, 0, 4),
(892, 'KB-0892', 'NIPLE H3 1/2\" X 7\'\' SALADILLO', 0, 0, 0, 4),
(893, 'KB-0893', 'NIPLE H3 1/2\" X 8\'\' SALADILLO', 0, 0, 0, 4),
(894, 'KB-0894', 'NIPLE H3 1/2\" X 9\'\' SALADILLO', 0, 0, 0, 4),
(895, 'KB-0895', 'NIPLE H3 1/2\" X 10\'\' SALADILLO', 0, 0, 0, 4),
(896, 'KB-0896', 'NIPLE H3 1/2\" X 11\'\' SALADILLO', 0, 0, 0, 4),
(897, 'KB-0897', 'NIPLE H3 1/2\" X 12\" SALADILLO', 0, 0, 0, 4),
(898, 'KB-0898', 'NIPLE H3 3/4\" X 1 1/2\'\' SALADILLO', 0, 0, 0, 4),
(899, 'KB-0899', 'NIPLE H3 3/4\" X 2\'\' SALADILLO', 0, 0, 0, 4),
(900, 'KB-0900', 'NIPLE H3 3/4\" X 2 1/2\'\' SALADILLO', 0, 0, 0, 4),
(901, 'KB-0901', 'NIPLE H3 3/4\" X 3\'\' SALADILLO', 0, 0, 0, 4),
(902, 'KB-0902', 'NIPLE H3 3/4\" X 3 1/2\'\' SALADILLO', 0, 0, 0, 4),
(903, 'KB-0903', 'NIPLE H3 3/4\" X 4\'\' SALADILLO', 0, 0, 0, 4),
(904, 'KB-0904', 'NIPLE H3 3/4\" X 5\'\' SALADILLO', 0, 0, 0, 4),
(905, 'KB-0905', 'NIPLE H3 3/4\" X 6\'\' SALADILLO', 0, 0, 0, 4),
(906, 'KB-0906', 'NIPLE H3 3/4\" X 7\'\' SALADILLO', 0, 0, 0, 4),
(907, 'KB-0907', 'NIPLE H3 3/4\" X 8\'\' SALADILLO', 0, 0, 0, 4),
(908, 'KB-0908', 'NIPLE H3 3/4\" X 9\'\' SALADILLO', 0, 0, 0, 4),
(909, 'KB-0909', 'NIPLE H3 3/4\" X 10\'\' SALADILLO', 0, 0, 0, 4),
(910, 'KB-0910', 'NIPLE H3 3/4\" X 11\'\' SALADILLO', 0, 0, 0, 4),
(911, 'KB-0911', 'NIPLE H3 3/4\" X 12\" SALADILLO', 0, 0, 0, 4),
(912, 'KB-0912', 'NIPLE H3 1\" X 1 1/2\'\' SALADILLO', 0, 0, 0, 4),
(913, 'KB-0913', 'NIPLE H3 1\" X 2\'\' SALADILLO', 0, 0, 0, 4),
(914, 'KB-0914', 'NIPLE H3 1\" X 2 1/2\'\' SALADILLO', 0, 0, 0, 4),
(915, 'KB-0915', 'NIPLE H3 1\" X 3\'\' SALADILLO', 0, 0, 0, 4),
(916, 'KB-0916', 'NIPLE H3 1\" X 3 1/2\'\' SALADILLO', 0, 0, 0, 4),
(917, 'KB-0917', 'NIPLE H3 1\" X 4\'\' SALADILLO', 0, 0, 0, 4),
(918, 'KB-0918', 'NIPLE H3 1\" X 5\'\' SALADILLO', 0, 0, 0, 4),
(919, 'KB-0919', 'NIPLE H3 1\" X 6\'\' SALADILLO', 0, 0, 0, 4),
(920, 'KB-0920', 'NIPLE H3 1\" X 7\'\' SALADILLO', 0, 0, 0, 4),
(921, 'KB-0921', 'NIPLE H3 1\" X 8\'\' SALADILLO', 0, 0, 0, 4),
(922, 'KB-0922', 'NIPLE H3 1\" X 9\'\' SALADILLO', 0, 0, 0, 4),
(923, 'KB-0923', 'NIPLE H3 1\" X 10\'\' SALADILLO', 0, 0, 0, 4),
(924, 'KB-0924', 'NIPLE H3 1\" X 11\'\' SALADILLO', 0, 0, 0, 4),
(925, 'KB-0925', 'NIPLE H3 1\" X 12\" SALADILLO', 0, 0, 0, 4),
(926, 'KB-0926', 'NIPLE H3 1 1/4\" X 1 1/2\'\' SALADILLO', 0, 0, 0, 4),
(927, 'KB-0927', 'NIPLE H3 1 1/4\" X 2\'\' SALADILLO', 0, 0, 0, 4),
(928, 'KB-0928', 'NIPLE H3 1 1/4\" X 2 1/2\'\' SALADILLO', 0, 0, 0, 4),
(929, 'KB-0929', 'NIPLE H3 1 1/4\" X 3\'\' SALADILLO', 0, 0, 0, 4),
(930, 'KB-0930', 'NIPLE H3 1 1/4\" X 3 1/2\'\' SALADILLO', 0, 0, 0, 4),
(931, 'KB-0931', 'NIPLE H3 1 1/4\" X 4\'\' SALADILLO', 0, 0, 0, 4),
(932, 'KB-0932', 'NIPLE H3 1 1/4\" X 5\'\' SALADILLO', 0, 0, 0, 4),
(933, 'KB-0933', 'NIPLE H3 1 1/4\" X 6\'\' SALADILLO', 0, 0, 0, 4),
(934, 'KB-0934', 'NIPLE H3 1 1/4\" X 7\'\' SALADILLO', 0, 0, 0, 4),
(935, 'KB-0935', 'NIPLE H3 1 1/4\" X 8\'\' SALADILLO', 0, 0, 0, 4),
(936, 'KB-0936', 'NIPLE H3 1 1/4\" X 9\'\' SALADILLO', 0, 0, 0, 4),
(937, 'KB-0937', 'NIPLE H3 1 1/4\" X 10\'\' SALADILLO', 0, 0, 0, 4),
(938, 'KB-0938', 'NIPLE H3 1 1/4\" X 11\'\' SALADILLO', 0, 0, 0, 4),
(939, 'KB-0939', 'NIPLE H3 1 1/4\" X 12\" SALADILLO', 0, 0, 0, 4),
(940, 'KB-0940', 'NIPLE H3 1 1/2\" X 1 1/2\'\' SALADILLO', 0, 0, 0, 4),
(941, 'KB-0941', 'NIPLE H3 1 1/2\" X 2\'\' SALADILLO', 0, 0, 0, 4),
(942, 'KB-0942', 'NIPLE H3 1 1/2\" X 2 1/2\'\' SALADILLO', 0, 0, 0, 4),
(943, 'KB-0943', 'NIPLE H3 1 1/2\" X 3\'\' SALADILLO', 0, 0, 0, 4),
(944, 'KB-0944', 'NIPLE H3 1 1/2\" X 3 1/2\'\' SALADILLO', 0, 0, 0, 4),
(945, 'KB-0945', 'NIPLE H3 1 1/2\" X 4\'\' SALADILLO', 0, 0, 0, 4),
(946, 'KB-0946', 'NIPLE H3 1 1/2\" X 5\'\' SALADILLO', 0, 0, 0, 4),
(947, 'KB-0947', 'NIPLE H3 1 1/2\" X 6\'\' SALADILLO', 0, 0, 0, 4),
(948, 'KB-0948', 'NIPLE H3 1 1/2\" X 7\'\' SALADILLO', 0, 0, 0, 4),
(949, 'KB-0949', 'NIPLE H3 1 1/2\" X 8\'\' SALADILLO', 0, 0, 0, 4),
(950, 'KB-0950', 'NIPLE H3 1 1/2\" X 9\'\' SALADILLO', 0, 0, 0, 4),
(951, 'KB-0951', 'NIPLE H3 1 1/2\" X 10\'\' SALADILLO', 0, 0, 0, 4),
(952, 'KB-0952', 'NIPLE H3 1 1/2\" X 11\'\' SALADILLO', 0, 0, 0, 4),
(953, 'KB-0953', 'NIPLE H3 1 1/2\" X 12\" SALADILLO', 0, 0, 0, 4),
(954, 'KB-0954', 'NIPLE H3 2\" X 1 1/2\'\' SALADILLO', 0, 0, 0, 4),
(955, 'KB-0955', 'NIPLE H3 2\" X 2\'\' SALADILLO', 0, 0, 0, 4),
(956, 'KB-0956', 'NIPLE H3 2\" X 2 1/2\'\' SALADILLO', 0, 0, 0, 4),
(957, 'KB-0957', 'NIPLE H3 2\" X 3\'\' SALADILLO', 0, 0, 0, 4),
(958, 'KB-0958', 'NIPLE H3 2\" X 3 1/2\'\' SALADILLO', 0, 0, 0, 4),
(959, 'KB-0959', 'NIPLE H3 2\" X 4\'\' SALADILLO', 0, 0, 0, 4),
(960, 'KB-0960', 'NIPLE H3 2\" X 5\'\' SALADILLO', 0, 0, 0, 4),
(961, 'KB-0961', 'NIPLE H3 2\" X 6\'\' SALADILLO', 0, 0, 0, 4),
(962, 'KB-0962', 'NIPLE H3 2\" X 7\'\' SALADILLO', 0, 0, 0, 4),
(963, 'KB-0963', 'NIPLE H3 2\" X 8\'\' SALADILLO', 0, 0, 0, 4),
(964, 'KB-0964', 'NIPLE H3 2\" X 9\'\' SALADILLO', 0, 0, 0, 4),
(965, 'KB-0965', 'NIPLE H3 2\" X 10\'\' SALADILLO', 0, 0, 0, 4),
(966, 'KB-0966', 'NIPLE H3 2\" X 11\'\' SALADILLO', 0, 0, 0, 4),
(967, 'KB-0967', 'NIPLE H3 2\" X 12\" SALADILLO', 0, 0, 0, 4),
(968, 'KB-0968', 'NIPLE H3 2 1/2\" X 1 1/2\'\' SALADILLO', 0, 0, 0, 4),
(969, 'KB-0969', 'NIPLE H3 2 1/2\" X 2\'\' SALADILLO', 0, 0, 0, 4),
(970, 'KB-0970', 'NIPLE H3 2 1/2\" X 2 1/2\'\' SALADILLO', 0, 0, 0, 4),
(971, 'KB-0971', 'NIPLE H3 2 1/2\" X 3\'\' SALADILLO', 0, 0, 0, 4),
(972, 'KB-0972', 'NIPLE H3 2 1/2\" X 3 1/2\'\' SALADILLO', 0, 0, 0, 4),
(973, 'KB-0973', 'NIPLE H3 2 1/2\" X 4\'\' SALADILLO', 0, 0, 0, 4),
(974, 'KB-0974', 'NIPLE H3 2 1/2\" X 5\'\' SALADILLO', 0, 0, 0, 4),
(975, 'KB-0975', 'NIPLE H3 2 1/2\" X 6\'\' SALADILLO', 0, 0, 0, 4),
(976, 'KB-0976', 'NIPLE H3 2 1/2\" X 7\'\' SALADILLO', 0, 0, 0, 4),
(977, 'KB-0977', 'NIPLE H3 2 1/2\" X 8\'\' SALADILLO', 0, 0, 0, 4),
(978, 'KB-0978', 'NIPLE H3 2 1/2\" X 9\'\' SALADILLO', 0, 0, 0, 4),
(979, 'KB-0979', 'NIPLE H3 2 1/2\" X 10\'\' SALADILLO', 0, 0, 0, 4),
(980, 'KB-0980', 'NIPLE H3 2 1/2\" X 11\'\' SALADILLO', 0, 0, 0, 4),
(981, 'KB-0981', 'NIPLE H3 2 1/2\" X 12\" SALADILLO', 0, 0, 0, 4),
(982, 'KB-0982', 'NIPLE H3 3\" X 1 1/2\'\' SALADILLO', 0, 0, 0, 4),
(983, 'KB-0983', 'NIPLE H3 3\" X 2\'\' SALADILLO', 0, 0, 0, 4),
(984, 'KB-0984', 'NIPLE H3 3\" X 2 1/2\'\' SALADILLO', 0, 0, 0, 4),
(985, 'KB-0985', 'NIPLE H3 3\" X 3\'\' SALADILLO', 0, 0, 0, 4),
(986, 'KB-0986', 'NIPLE H3 3\" X 3 1/2\'\' SALADILLO', 0, 0, 0, 4),
(987, 'KB-0987', 'NIPLE H3 3\" X 4\'\' SALADILLO', 0, 0, 0, 4),
(988, 'KB-0988', 'NIPLE H3 3\" X 5\'\' SALADILLO', 0, 0, 0, 4),
(989, 'KB-0989', 'NIPLE H3 3\" X 6\'\' SALADILLO', 0, 0, 0, 4),
(990, 'KB-0990', 'NIPLE H3 3\" X 7\'\' SALADILLO', 0, 0, 0, 4),
(991, 'KB-0991', 'NIPLE H3 3\" X 8\'\' SALADILLO', 0, 0, 0, 4),
(992, 'KB-0992', 'NIPLE H3 3\" X 9\'\' SALADILLO', 0, 0, 0, 4),
(993, 'KB-0993', 'NIPLE H3 3\" X 10\'\' SALADILLO', 0, 0, 0, 4),
(994, 'KB-0994', 'NIPLE H3 3\" X 11\'\' SALADILLO', 0, 0, 0, 4),
(995, 'KB-0995', 'NIPLE H3 3\" X 12\" SALADILLO', 0, 0, 0, 4),
(996, 'KB-0996', 'NIPLE H3 4\" X 4\'\' SALADILLO', 0, 0, 0, 4),
(997, 'KB-0997', 'NIPLE H3 4\" X 5\'\' SALADILLO', 0, 0, 0, 4),
(998, 'KB-0998', 'NIPLE H3 4\" X 6\'\' SALADILLO', 0, 0, 0, 4),
(999, 'KB-0999', 'NIPLE H3 4\" X 7\'\' SALADILLO', 0, 0, 0, 4),
(1000, 'KB-1000', 'NIPLE H3 4\" X 8\'\' SALADILLO', 0, 0, 0, 4),
(1001, 'KB-1001', 'NIPLE H3 4\" X 9\'\' SALADILLO', 0, 0, 0, 4),
(1002, 'KB-1002', 'NIPLE H3 4\" X 10\'\' SALADILLO', 0, 0, 0, 4),
(1003, 'KB-1003', 'NIPLE H3 4\" X 11\'\' SALADILLO', 0, 0, 0, 4),
(1004, 'KB-1004', 'NIPLE H3 4\" X 12\" SALADILLO', 0, 0, 0, 4),
(1005, 'KB-1005', 'TB P/AGUA C-10 C/ROSCA 1/2\" X 5M TUBOPLAST', 0, 0, 0, 1),
(1006, 'KB-1006', 'TB P/AGUA C-10 C/ROSCA 3/4\" X 5M TUBOPLAST', 0, 0, 0, 1),
(1007, 'KB-1007', 'TB P/AGUA C-10 C/ROSCA 1\" X 5M TUBOPLAST', 0, 0, 0, 1),
(1008, 'KB-1008', 'TB P/AGUA C-10 C/ROSCA 1 1/4\" X 5M TUBOPLAST', 0, 0, 0, 1),
(1009, 'KB-1009', 'TB P/AGUA C-10 C/ROSCA 1 1/2\" X 5M TUBOPLAST', 0, 0, 0, 1),
(1010, 'KB-1010', 'TB P/AGUA C-10 C/ROSCA 2\" X 5M TUBOPLAST', 0, 0, 0, 1),
(1011, 'KB-1011', 'TB P/AGUA C-10 SP 1/2\" X 5M TUBOPLAST', 0, 0, 0, 1),
(1012, 'KB-1012', 'TB P/AGUA C-10 SP 3/4\" X 5M TUBOPLAST', 0, 0, 0, 1),
(1013, 'KB-1013', 'TB P/AGUA C-10 SP 1\" X 5M TUBOPLAST', 0, 0, 0, 1),
(1014, 'KB-1014', 'TB P/AGUA C-10 SP 1 1/4\" X 5M TUBOPLAST', 0, 0, 0, 1),
(1015, 'KB-1015', 'TB P/AGUA C-10 SP 1 1/2\" X 5M TUBOPLAST', 0, 0, 0, 1),
(1016, 'KB-1016', 'TB P/AGUA C-10 SP 2\" X 5M TUBOPLAST', 0, 0, 0, 1),
(1017, 'KB-1017', 'TB P/AGUA C-10 SP 2 1/2\" X 5M TUBOPLAST', 0, 0, 0, 1),
(1018, 'KB-1018', 'TB P/AGUA C-10 SP 3\" X 5M TUBOPLAST', 0, 0, 0, 1),
(1019, 'KB-1019', 'TB P/AGUA C-10 SP 4\" X 5M TUBOPLAST', 0, 0, 0, 1),
(1020, 'KB-1020', 'TB P/AGUA C-10 SP 6\" X 5M TUBOPLAST', 0, 0, 0, 1),
(1021, 'KB-1021', 'TB PVC SAL CL 1 1/2\" X 3M TUBOPLAST', 0, 0, 0, 1),
(1022, 'KB-1022', 'TB PVC SAL CL 2\" X 3M TUBOPLAST', 0, 0, 0, 1),
(1023, 'KB-1023', 'TB PVC SAL CL 3\" X 3M TUBOPLAST', 0, 0, 0, 1),
(1024, 'KB-1024', 'TB PVC SAL CL 4\" X 3M TUBOPLAST', 0, 0, 0, 1),
(1025, 'KB-1025', 'TB PVC SAL CL 6\" X 5M TUBOPLAST', 0, 0, 0, 1),
(1026, 'KB-1026', 'TB PVC SAL CP 2\" X 3M TUBOPLAST', 0, 0, 0, 1),
(1027, 'KB-1027', 'TB PVC SAL CP 3\" X 3M TUBOPLAST', 0, 0, 0, 1),
(1028, 'KB-1028', 'TB PVC SAL CP 4\" X 3M TUBOPLAST', 0, 0, 0, 1),
(1029, 'KB-1029', 'TB PVC SAL CP 6\" X 5M TUBOPLAST', 0, 0, 0, 1),
(1030, 'KB-1030', 'TB PVC LUZ SEL 1/2\" X 3M TUBOPLAST', 0, 0, 0, 1),
(1031, 'KB-1031', 'TB PVC LUZ SEL 5/8\" X 3M TUBOPLAST', 0, 0, 0, 1),
(1032, 'KB-1032', 'TB PVC LUZ SEL 3/4\" X 3M TUBOPLAST', 0, 0, 0, 1),
(1033, 'KB-1033', 'TB PVC LUZ SEL 1\" X 3M TUBOPLAST', 0, 0, 0, 1),
(1034, 'KB-1034', 'TB PVC LUZ SEL 1 1/4\" X 3M TUBOPLAST', 0, 0, 0, 1),
(1035, 'KB-1035', 'TB PVC LUZ SEL 1 1/2\" X 3M TUBOPLAST', 0, 0, 0, 1),
(1036, 'KB-1036', 'TB PVC LUZ SEL 2\" X 3M TUBOPLAST', 0, 0, 0, 1),
(1037, 'KB-1037', 'TB PVC LUZ SAP 1/2\" X 3M TUBOPLAST', 0, 0, 0, 1),
(1038, 'KB-1038', 'TB PVC LUZ SAP 3/4\" X 3M TUBOPLAST', 0, 0, 0, 1),
(1039, 'KB-1039', 'TB PVC LUZ SAP 1\" X 3M TUBOPLAST', 0, 0, 0, 1),
(1040, 'KB-1040', 'TB PVC LUZ SAP 1 1/4\" X 3M TUBOPLAST', 0, 0, 0, 1),
(1041, 'KB-1041', 'TB PVC LUZ SAP 1 1/2\" X 3M TUBOPLAST', 0, 0, 0, 1),
(1042, 'KB-1042', 'TB PVC LUZ SAP 2\" X 3M TUBOPLAST', 0, 0, 0, 1),
(1043, 'KB-1043', 'TB PVC LUZ SAP 2 1/2\" X 3M TUBOPLAST', 0, 0, 0, 1),
(1044, 'KB-1044', 'TB PVC LUZ SAP 3\" X 3M TUBOPLAST', 0, 0, 0, 1),
(1045, 'KB-1045', 'TB PVC LUZ SAP 4\" X 3M TUBOPLAST', 0, 0, 0, 1),
(1046, 'KB-1046', 'TB P/AGUA C-10 C/ROSCA 1/2\" X 5M KOPLAST', 0, 0, 0, 7),
(1047, 'KB-1047', 'TB P/AGUA C-10 C/ROSCA 3/4\" X 5M KOPLAST', 0, 0, 0, 7),
(1048, 'KB-1048', 'TB P/AGUA C-10 C/ROSCA 1\" X 5M KOPLAST', 0, 0, 0, 7),
(1049, 'KB-1049', 'TB P/AGUA C-10 C/ROSCA 1 1/4\" X 5M KOPLAST', 0, 0, 0, 7),
(1050, 'KB-1050', 'TB P/AGUA C-10 C/ROSCA 1 1/2\" X 5M KOPLAST', 0, 0, 0, 7),
(1051, 'KB-1051', 'TB P/AGUA C-10 C/ROSCA 2\" X 5M KOPLAST', 0, 0, 0, 7),
(1052, 'KB-1052', 'TB P/AGUA C-10 SP 1/2\" X 5M KOPLAST', 0, 0, 0, 7),
(1053, 'KB-1053', 'TB P/AGUA C-10 SP 3/4\" X 5M KOPLAST', 0, 0, 0, 7),
(1054, 'KB-1054', 'TB P/AGUA C-10 SP 1\" X 5M KOPLAST', 0, 0, 0, 7),
(1055, 'KB-1055', 'TB P/AGUA C-10 SP 1 1/4\" X 5M KOPLAST', 0, 0, 0, 7),
(1056, 'KB-1056', 'TB P/AGUA C-10 SP 1 1/2\" X 5M KOPLAST', 0, 0, 0, 7),
(1057, 'KB-1057', 'TB P/AGUA C-10 SP 2\" X 5M KOPLAST', 0, 0, 0, 7),
(1058, 'KB-1058', 'TB P/AGUA C-10 SP 2 1/2\" X 5M KOPLAST', 0, 0, 0, 7),
(1059, 'KB-1059', 'TB P/AGUA C-10 SP 3\" X 5M KOPLAST', 0, 0, 0, 7),
(1060, 'KB-1060', 'TB P/AGUA C-10 SP 4\" X 5M KOPLAST', 0, 0, 0, 7),
(1061, 'KB-1061', 'TB P/AGUA C-10 SP 6\" X 5M KOPLAST', 0, 0, 0, 7),
(1062, 'KB-1062', 'TB PVC SAL CL 1 1/2\" X 3M KOPLAST', 0, 0, 0, 7),
(1063, 'KB-1063', 'TB PVC SAL CL 2\" X 3M KOPLAST', 0, 0, 0, 7),
(1064, 'KB-1064', 'TB PVC SAL CL 3\" X 3M KOPLAST', 0, 0, 0, 7),
(1065, 'KB-1065', 'TB PVC SAL CL 4\" X 3M KOPLAST', 0, 0, 0, 7),
(1066, 'KB-1066', 'TB PVC SAL CL 6\" X 5M KOPLAST', 0, 0, 0, 7),
(1067, 'KB-1067', 'TB PVC SAL CP 2\" X 3M KOPLAST', 0, 0, 0, 7),
(1068, 'KB-1068', 'TB PVC SAL CP 3\" X 3M KOPLAST', 0, 0, 0, 7),
(1069, 'KB-1069', 'TB PVC SAL CP 4\" X 3M KOPLAST', 0, 0, 0, 7),
(1070, 'KB-1070', 'TB PVC SAL CP 6\" X 5M KOPLAST', 0, 0, 0, 7),
(1071, 'KB-1071', 'TB PVC LUZ SEL 1/2\" X 3M KOPLAST', 0, 0, 0, 7),
(1072, 'KB-1072', 'TB PVC LUZ SEL 5/8\" X 3M KOPLAST', 0, 0, 0, 7),
(1073, 'KB-1073', 'TB PVC LUZ SEL 3/4\" X 3M KOPLAST', 0, 0, 0, 7),
(1074, 'KB-1074', 'TB PVC LUZ SEL 1\" X 3M KOPLAST', 0, 0, 0, 7),
(1075, 'KB-1075', 'TB PVC LUZ SEL 1 1/4\" X 3M KOPLAST', 0, 0, 0, 7),
(1076, 'KB-1076', 'TB PVC LUZ SEL 1 1/2\" X 3M KOPLAST', 0, 0, 0, 7),
(1077, 'KB-1077', 'TB PVC LUZ SEL 2\" X 3M KOPLAST', 0, 0, 0, 7),
(1078, 'KB-1078', 'TB PVC LUZ SAP 1/2\" X 3M KOPLAST', 0, 0, 0, 7),
(1079, 'KB-1079', 'TB PVC LUZ SAP 3/4\" X 3M KOPLAST', 0, 0, 0, 7),
(1080, 'KB-1080', 'TB PVC LUZ SAP 1\" X 3M KOPLAST', 0, 0, 0, 7),
(1081, 'KB-1081', 'TB PVC LUZ SAP 1 1/4\" X 3M KOPLAST', 0, 0, 0, 7),
(1082, 'KB-1082', 'TB PVC LUZ SAP 1 1/2\" X 3M KOPLAST', 0, 0, 0, 7),
(1083, 'KB-1083', 'TB PVC LUZ SAP 2\" X 3M KOPLAST', 0, 0, 0, 7),
(1084, 'KB-1084', 'TB PVC LUZ SAP 2 1/2\" X 3M KOPLAST', 0, 0, 0, 7),
(1085, 'KB-1085', 'TB PVC LUZ SAP 3\" X 3M KOPLAST', 0, 0, 0, 7),
(1086, 'KB-1086', 'TB PVC LUZ SAP 4\" X 3M KOPLAST', 0, 0, 0, 7),
(1087, 'KB-1087', 'TB P/AGUA C-10 C/ROSCA 1/2\" X 5M NICOLL', 0, 0, 0, 1),
(1088, 'KB-1088', 'TB P/AGUA C-10 C/ROSCA 3/4\" X 5M NICOLL', 0, 0, 0, 1),
(1089, 'KB-1089', 'TB P/AGUA C-10 C/ROSCA 1\" X 5M NICOLL', 0, 0, 0, 1),
(1090, 'KB-1090', 'TB P/AGUA C-10 C/ROSCA 1 1/4\" X 5M NICOLL', 0, 0, 0, 1),
(1091, 'KB-1091', 'TB P/AGUA C-10 C/ROSCA 1 1/2\" X 5M NICOLL', 0, 0, 0, 1),
(1092, 'KB-1092', 'TB P/AGUA C-10 C/ROSCA 2\" X 5M NICOLL', 0, 0, 0, 1),
(1093, 'KB-1093', 'TB P/AGUA C-10 SP 1/2\" X 5M NICOLL', 0, 0, 0, 1),
(1094, 'KB-1094', 'TB P/AGUA C-10 SP 3/4\" X 5M NICOLL', 0, 0, 0, 1),
(1095, 'KB-1095', 'TB P/AGUA C-10 SP 1\" X 5M NICOLL', 0, 0, 0, 1),
(1096, 'KB-1096', 'TB P/AGUA C-10 SP 1 1/4\" X 5M NICOLL', 0, 0, 0, 1),
(1097, 'KB-1097', 'TB P/AGUA C-10 SP 1 1/2\" X 5M NICOLL', 0, 0, 0, 1),
(1098, 'KB-1098', 'TB P/AGUA C-10 SP 2\" X 5M NICOLL', 0, 0, 0, 1),
(1099, 'KB-1099', 'TB P/AGUA C-10 SP 2 1/2\" X 5M NICOLL', 0, 0, 0, 1),
(1100, 'KB-1100', 'TB P/AGUA C-10 SP 3\" X 5M NICOLL', 0, 0, 0, 1),
(1101, 'KB-1101', 'TB P/AGUA C-10 SP 4\" X 5M NICOLL', 0, 0, 0, 1),
(1102, 'KB-1102', 'TB P/AGUA C-10 SP 6\" X 5M NICOLL', 0, 0, 0, 1),
(1103, 'KB-1103', 'TB PVC SAL CL 1 1/2\" X 3M NICOLL', 0, 0, 0, 1),
(1104, 'KB-1104', 'TB PVC SAL CL 2\" X 3M NICOLL', 0, 0, 0, 1),
(1105, 'KB-1105', 'TB PVC SAL CL 3\" X 3M NICOLL', 0, 0, 0, 1),
(1106, 'KB-1106', 'TB PVC SAL CL 4\" X 3M NICOLL', 0, 0, 0, 1),
(1107, 'KB-1107', 'TB PVC SAL CL 6\" X 5M NICOLL', 0, 0, 0, 1),
(1108, 'KB-1108', 'TB PVC SAL CP 2\" X 3M NICOLL', 0, 0, 0, 1),
(1109, 'KB-1109', 'TB PVC SAL CP 3\" X 3M NICOLL', 0, 0, 0, 1),
(1110, 'KB-1110', 'TB PVC SAL CP 4\" X 3M NICOLL', 0, 0, 0, 1),
(1111, 'KB-1111', 'TB PVC SAL CP 6\" X 5M NICOLL', 0, 0, 0, 1),
(1112, 'KB-1112', 'TB PVC LUZ SEL 1/2\" X 3M NICOLL', 0, 0, 0, 1),
(1113, 'KB-1113', 'TB PVC LUZ SEL 5/8\" X 3M NICOLL', 0, 0, 0, 1),
(1114, 'KB-1114', 'TB PVC LUZ SEL 3/4\" X 3M NICOLL', 0, 0, 0, 1),
(1115, 'KB-1115', 'TB PVC LUZ SEL 1\" X 3M NICOLL', 0, 0, 0, 1),
(1116, 'KB-1116', 'TB PVC LUZ SEL 1 1/4\" X 3M NICOLL', 0, 0, 0, 1),
(1117, 'KB-1117', 'TB PVC LUZ SEL 1 1/2\" X 3M NICOLL', 0, 0, 0, 1),
(1118, 'KB-1118', 'TB PVC LUZ SEL 2\" X 3M NICOLL', 0, 0, 0, 1),
(1119, 'KB-1119', 'TB PVC LUZ SAP 1/2\" X 3M NICOLL', 0, 0, 0, 1),
(1120, 'KB-1120', 'TB PVC LUZ SAP 3/4\" X 3M NICOLL', 0, 0, 0, 1),
(1121, 'KB-1121', 'TB PVC LUZ SAP 1\" X 3M NICOLL', 0, 0, 0, 1),
(1122, 'KB-1122', 'TB PVC LUZ SAP 1 1/4\" X 3M NICOLL', 0, 0, 0, 1),
(1123, 'KB-1123', 'TB PVC LUZ SAP 1 1/2\" X 3M NICOLL', 0, 0, 0, 1),
(1124, 'KB-1124', 'TB PVC LUZ SAP 2\" X 3M NICOLL', 0, 0, 0, 1),
(1125, 'KB-1125', 'TB PVC LUZ SAP 2 1/2\" X 3M NICOLL', 0, 0, 0, 1),
(1126, 'KB-1126', 'TB PVC LUZ SAP 3\" X 3M NICOLL', 0, 0, 0, 1),
(1127, 'KB-1127', 'TB PVC LUZ SAP 4\" X 3M NICOLL', 0, 0, 0, 1),
(1128, 'KB-1128', 'TB P/AGUA C-10 C/ROSCA 1/2\" X 5M PLASTISUR', 0, 0, 0, 1),
(1129, 'KB-1129', 'TB P/AGUA C-10 C/ROSCA 3/4\" X 5M PLASTISUR', 0, 0, 0, 1),
(1130, 'KB-1130', 'TB P/AGUA C-10 C/ROSCA 1\" X 5M PLASTISUR', 0, 0, 0, 1),
(1131, 'KB-1131', 'TB P/AGUA C-10 C/ROSCA 1 1/4\" X 5M PLASTISUR', 0, 0, 0, 1),
(1132, 'KB-1132', 'TB P/AGUA C-10 C/ROSCA 1 1/2\" X 5M PLASTISUR', 0, 0, 0, 1),
(1133, 'KB-1133', 'TB P/AGUA C-10 C/ROSCA 2\" X 5M PLASTISUR', 0, 0, 0, 1),
(1134, 'KB-1134', 'TB P/AGUA C-10 SP 1/2\" X 5M PLASTISUR', 0, 0, 0, 1),
(1135, 'KB-1135', 'TB P/AGUA C-10 SP 3/4\" X 5M PLASTISUR', 0, 0, 0, 1),
(1136, 'KB-1136', 'TB P/AGUA C-10 SP 1\" X 5M PLASTISUR', 0, 0, 0, 1),
(1137, 'KB-1137', 'TB P/AGUA C-10 SP 1 1/4\" X 5M PLASTISUR', 0, 0, 0, 1),
(1138, 'KB-1138', 'TB P/AGUA C-10 SP 1 1/2\" X 5M PLASTISUR', 0, 0, 0, 1),
(1139, 'KB-1139', 'TB P/AGUA C-10 SP 2\" X 5M PLASTISUR', 0, 0, 0, 1),
(1140, 'KB-1140', 'TB P/AGUA C-10 SP 2 1/2\" X 5M PLASTISUR', 0, 0, 0, 1),
(1141, 'KB-1141', 'TB P/AGUA C-10 SP 3\" X 5M PLASTISUR', 0, 0, 0, 1),
(1142, 'KB-1142', 'TB P/AGUA C-10 SP 4\" X 5M PLASTISUR', 0, 0, 0, 1),
(1143, 'KB-1143', 'TB P/AGUA C-10 SP 6\" X 5M PLASTISUR', 0, 0, 0, 1),
(1144, 'KB-1144', 'TB PVC SAL CL 1 1/2\" X 3M PLASTISUR', 0, 0, 0, 1),
(1145, 'KB-1145', 'TB PVC SAL CL 2\" X 3M PLASTISUR', 0, 0, 0, 1),
(1146, 'KB-1146', 'TB PVC SAL CL 3\" X 3M PLASTISUR', 0, 0, 0, 1),
(1147, 'KB-1147', 'TB PVC SAL CL 4\" X 3M PLASTISUR', 0, 0, 0, 1),
(1148, 'KB-1148', 'TB PVC SAL CL 6\" X 5M PLASTISUR', 0, 0, 0, 1),
(1149, 'KB-1149', 'TB PVC SAL CP 2\" X 3M PLASTISUR', 0, 0, 0, 1),
(1150, 'KB-1150', 'TB PVC SAL CP 3\" X 3M PLASTISUR', 0, 0, 0, 1),
(1151, 'KB-1151', 'TB PVC SAL CP 4\" X 3M PLASTISUR', 0, 0, 0, 1),
(1152, 'KB-1152', 'TB PVC SAL CP 6\" X 5M PLASTISUR', 0, 0, 0, 1),
(1153, 'KB-1153', 'TB PVC LUZ SEL 1/2\" X 3M PLASTISUR', 0, 0, 0, 1),
(1154, 'KB-1154', 'TB PVC LUZ SEL 5/8\" X 3M PLASTISUR', 0, 0, 0, 1),
(1155, 'KB-1155', 'TB PVC LUZ SEL 3/4\" X 3M PLASTISUR', 0, 0, 0, 1),
(1156, 'KB-1156', 'TB PVC LUZ SEL 1\" X 3M PLASTISUR', 0, 0, 0, 1),
(1157, 'KB-1157', 'TB PVC LUZ SEL 1 1/4\" X 3M PLASTISUR', 0, 0, 0, 1),
(1158, 'KB-1158', 'TB PVC LUZ SEL 1 1/2\" X 3M PLASTISUR', 0, 0, 0, 1),
(1159, 'KB-1159', 'TB PVC LUZ SEL 2\" X 3M PLASTISUR', 0, 0, 0, 1),
(1160, 'KB-1160', 'TB PVC LUZ SAP 1/2\" X 3M PLASTISUR', 0, 0, 0, 1),
(1161, 'KB-1161', 'TB PVC LUZ SAP 3/4\" X 3M PLASTISUR', 0, 0, 0, 1),
(1162, 'KB-1162', 'TB PVC LUZ SAP 1\" X 3M PLASTISUR', 0, 0, 0, 1),
(1163, 'KB-1163', 'TB PVC LUZ SAP 1 1/4\" X 3M PLASTISUR', 0, 0, 0, 1),
(1164, 'KB-1164', 'TB PVC LUZ SAP 1 1/2\" X 3M PLASTISUR', 0, 0, 0, 1),
(1165, 'KB-1165', 'TB PVC LUZ SAP 2\" X 3M PLASTISUR', 0, 0, 0, 1),
(1166, 'KB-1166', 'TB PVC LUZ SAP 2 1/2\" X 3M PLASTISUR', 0, 0, 0, 1),
(1167, 'KB-1167', 'TB PVC LUZ SAP 3\" X 3M PLASTISUR', 0, 0, 0, 1),
(1168, 'KB-1168', 'TB PVC LUZ SAP 4\" X 3M PLASTISUR', 0, 0, 0, 1),
(1169, 'KB-1169', 'TB P/AGUA C-10 C/ROSCA 1/2\" X 5M TIGRE', 0, 0, 0, 1),
(1170, 'KB-1170', 'TB P/AGUA C-10 C/ROSCA 3/4\" X 5M TIGRE', 0, 0, 0, 1),
(1171, 'KB-1171', 'TB P/AGUA C-10 C/ROSCA 1\" X 5M TIGRE', 0, 0, 0, 1),
(1172, 'KB-1172', 'TB P/AGUA C-10 C/ROSCA 1 1/4\" X 5M TIGRE', 0, 0, 0, 1),
(1173, 'KB-1173', 'TB P/AGUA C-10 C/ROSCA 1 1/2\" X 5M TIGRE', 0, 0, 0, 1),
(1174, 'KB-1174', 'TB P/AGUA C-10 C/ROSCA 2\" X 5M TIGRE', 0, 0, 0, 1),
(1175, 'KB-1175', 'TB P/AGUA C-10 SP 1/2\" X 5M TIGRE', 0, 0, 0, 1),
(1176, 'KB-1176', 'TB P/AGUA C-10 SP 3/4\" X 5M TIGRE', 0, 0, 0, 1),
(1177, 'KB-1177', 'TB P/AGUA C-10 SP 1\" X 5M TIGRE', 0, 0, 0, 1),
(1178, 'KB-1178', 'TB P/AGUA C-10 SP 1 1/4\" X 5M TIGRE', 0, 0, 0, 1),
(1179, 'KB-1179', 'TB P/AGUA C-10 SP 1 1/2\" X 5M TIGRE', 0, 0, 0, 1),
(1180, 'KB-1180', 'TB P/AGUA C-10 SP 2\" X 5M TIGRE', 0, 0, 0, 1),
(1181, 'KB-1181', 'TB P/AGUA C-10 SP 2 1/2\" X 5M TIGRE', 0, 0, 0, 1),
(1182, 'KB-1182', 'TB P/AGUA C-10 SP 3\" X 5M TIGRE', 0, 0, 0, 1),
(1183, 'KB-1183', 'TB P/AGUA C-10 SP 4\" X 5M TIGRE', 0, 0, 0, 1),
(1184, 'KB-1184', 'TB P/AGUA C-10 SP 6\" X 5M TIGRE', 0, 0, 0, 1),
(1185, 'KB-1185', 'TB PVC SAL CL 1 1/2\" X 3M TIGRE', 0, 0, 0, 1),
(1186, 'KB-1186', 'TB PVC SAL CL 2\" X 3M TIGRE', 0, 0, 0, 1),
(1187, 'KB-1187', 'TB PVC SAL CL 3\" X 3M TIGRE', 0, 0, 0, 1),
(1188, 'KB-1188', 'TB PVC SAL CL 4\" X 3M TIGRE', 0, 0, 0, 1),
(1189, 'KB-1189', 'TB PVC SAL CL 6\" X 5M TIGRE', 0, 0, 0, 1),
(1190, 'KB-1190', 'TB PVC SAL CP 2\" X 3M TIGRE', 0, 0, 0, 1),
(1191, 'KB-1191', 'TB PVC SAL CP 3\" X 3M TIGRE', 0, 0, 0, 1),
(1192, 'KB-1192', 'TB PVC SAL CP 4\" X 3M TIGRE', 0, 0, 0, 1),
(1193, 'KB-1193', 'TB PVC SAL CP 6\" X 5M TIGRE', 0, 0, 0, 1),
(1194, 'KB-1194', 'TB PVC LUZ SEL 1/2\" X 3M TIGRE', 0, 0, 0, 1),
(1195, 'KB-1195', 'TB PVC LUZ SEL 5/8\" X 3M TIGRE', 0, 0, 0, 1),
(1196, 'KB-1196', 'TB PVC LUZ SEL 3/4\" X 3M TIGRE', 0, 0, 0, 1),
(1197, 'KB-1197', 'TB PVC LUZ SEL 1\" X 3M TIGRE', 0, 0, 0, 1),
(1198, 'KB-1198', 'TB PVC LUZ SEL 1 1/4\" X 3M TIGRE', 0, 0, 0, 1),
(1199, 'KB-1199', 'TB PVC LUZ SEL 1 1/2\" X 3M TIGRE', 0, 0, 0, 1),
(1200, 'KB-1200', 'TB PVC LUZ SEL 2\" X 3M TIGRE', 0, 0, 0, 1),
(1201, 'KB-1201', 'TB PVC LUZ SAP 1/2\" X 3M TIGRE', 0, 0, 0, 1),
(1202, 'KB-1202', 'TB PVC LUZ SAP 3/4\" X 3M TIGRE', 0, 0, 0, 1),
(1203, 'KB-1203', 'TB PVC LUZ SAP 1\" X 3M TIGRE', 0, 0, 0, 1),
(1204, 'KB-1204', 'TB PVC LUZ SAP 1 1/4\" X 3M TIGRE', 0, 0, 0, 1),
(1205, 'KB-1205', 'TB PVC LUZ SAP 1 1/2\" X 3M TIGRE', 0, 0, 0, 1),
(1206, 'KB-1206', 'TB PVC LUZ SAP 2\" X 3M TIGRE', 0, 0, 0, 1),
(1207, 'KB-1207', 'TB PVC LUZ SAP 2 1/2\" X 3M TIGRE', 0, 0, 0, 1),
(1208, 'KB-1208', 'TB PVC LUZ SAP 3\" X 3M TIGRE', 0, 0, 0, 1),
(1209, 'KB-1209', 'TB PVC LUZ SAP 4\" X 3M TIGRE', 0, 0, 0, 1),
(1210, 'KB-1210', 'CODO PVC SAL 45 X 1 1/2\'\' INYECTOPLAST T', 0, 0, 0, 1),
(1211, 'KB-1211', 'CODO PVC SAL 45 X 2\'\' INYECTOPLAST', 0, 0, 0, 1),
(1212, 'KB-1212', 'CODO PVC SAL 45 X 3\'\' INYECTOPLAST', 0, 0, 0, 1),
(1213, 'KB-1213', 'CODO PVC SAL 45 X 4\'\' INYECTOPLAST', 0, 0, 0, 1),
(1214, 'KB-1214', 'CODO PVC SAL CL 45 X 6\'\' INYECTOPLAST T', 0, 0, 0, 1),
(1215, 'KB-1215', 'CODO PVC SAL CP 45 X 6\'\' INYECTOPLAST T', 0, 0, 0, 1),
(1216, 'KB-1216', 'CODO PVC SAL 90 X 1 1/2\'\' INYECTOPLAST', 0, 0, 0, 1),
(1217, 'KB-1217', 'CODO PVC SAL 90 X 2\'\' INYECTOPLAST', 0, 0, 0, 1),
(1218, 'KB-1218', 'CODO PVC SAL 90 X 3\'\' INYECTOPLAST', 0, 0, 0, 1),
(1219, 'KB-1219', 'CODO PVC SAL 90 X 4\'\' INYECTOPLAST', 0, 0, 0, 1),
(1220, 'KB-1220', 'CODO PVC SAL CL 90 X 6\'\' INYECTOPLAST T', 0, 0, 0, 1),
(1221, 'KB-1221', 'CODO PVC SAL CP 90 X 6\'\' INYECTOPLAST T', 0, 0, 0, 1),
(1222, 'KB-1222', 'TEE PVC SAL 1 1/2\" INYECTOPLAST T', 0, 0, 0, 1),
(1223, 'KB-1223', 'TEE PVC SAL 2\" INYECTOPLAST', 0, 0, 0, 1),
(1224, 'KB-1224', 'TEE PVC SAL 3\" INYECTOPLAST', 0, 0, 0, 1),
(1225, 'KB-1225', 'TEE PVC SAL 4\" INYECTOPLAST', 0, 0, 0, 1),
(1226, 'KB-1226', 'TEE PVC SAL CL 6\" INYECTOPLAST T', 0, 0, 0, 1),
(1227, 'KB-1227', 'TEE PVC SAL CP 6\" INYECTOPLAST T', 0, 0, 0, 1),
(1228, 'KB-1228', 'TEE SANITARIA PVC SAL 2\" INYECTOPLAST', 0, 0, 0, 1),
(1229, 'KB-1229', 'TEE SANITARIA PVC SAL 3\" INYECTOPLAST T', 0, 0, 0, 1),
(1230, 'KB-1230', 'TEE SANITARIA PVC SAL 4\" INYECTOPLAST', 0, 0, 0, 1),
(1231, 'KB-1231', 'TEE PVC SAL DOBLE 2\" INYECTOPLAST', 0, 0, 0, 1),
(1232, 'KB-1232', 'TEE PVC SAL DOBLE 3\" INYECTOPLAST T', 0, 0, 0, 1),
(1233, 'KB-1233', 'TEE PVC SAL DOBLE 4\" INYECTOPLAST', 0, 0, 0, 1),
(1234, 'KB-1234', 'TAPON PVC SAL 1 1/2\" INYECTOPLAST T', 0, 0, 0, 1),
(1235, 'KB-1235', 'TAPON PVC SAL 2\" INYECTOPLAST', 0, 0, 0, 1),
(1236, 'KB-1236', 'TAPON PVC SAL 3\" INYECTOPLAST', 0, 0, 0, 1),
(1237, 'KB-1237', 'TAPON PVC SAL 4\" INYECTOPLAST', 0, 0, 0, 1),
(1238, 'KB-1238', 'TAPON PVC SAL CL 6\" INYECTOPLAST T', 0, 0, 0, 1),
(1239, 'KB-1239', 'TAPON PVC SAL CP 6\" INYECTOPLAST T', 0, 0, 0, 1),
(1240, 'KB-1240', 'YEE PVC SAL 1 1/2\" INYECTOPLAST T', 0, 0, 0, 1),
(1241, 'KB-1241', 'YEE PVC SAL 2\" INYECTOPLAST', 0, 0, 0, 1),
(1242, 'KB-1242', 'YEE PVC SAL 3\" INYECTOPLAST', 0, 0, 0, 1),
(1243, 'KB-1243', 'YEE PVC SAL 4\" INYECTOPLAST', 0, 0, 0, 1),
(1244, 'KB-1244', 'YEE PVC SAL CL 6\" INYECTOPLAST T', 0, 0, 0, 1),
(1245, 'KB-1245', 'YEE PVC SAL CP 6\" INYECTOPLAST T', 0, 0, 0, 1),
(1246, 'KB-1246', 'YEE PVC SAL DOBLE 2\" INYECTOPLAST', 0, 0, 0, 1),
(1247, 'KB-1247', 'YEE PVC SAL DOBLE 3\" INYECTOPLAST', 0, 0, 0, 1),
(1248, 'KB-1248', 'YEE PVC SAL DOBLE 4\" INYECTOPLAST', 0, 0, 0, 1),
(1249, 'KB-1249', 'UNION PVC SAL 1 1/2\" INYECTOPLAST T', 0, 0, 0, 1),
(1250, 'KB-1250', 'UNION PVC SAL 2\" INYECTOPLAST', 0, 0, 0, 1),
(1251, 'KB-1251', 'UNION PVC SAL 3\" INYECTOPLAST', 0, 0, 0, 1),
(1252, 'KB-1252', 'UNION PVC SAL 4\" INYECTOPLAST', 0, 0, 0, 1),
(1253, 'KB-1253', 'UNION PVC SAL CL 6\" INYECTOPLAST T', 0, 0, 0, 1),
(1254, 'KB-1254', 'UNION PVC SAL CP 6\" INYECTOPLAST T', 0, 0, 0, 1),
(1255, 'KB-1255', 'SOMBRERO VENTILACION PVC SAL 1 1/2\" INYECTOPLAST T', 0, 0, 0, 1),
(1256, 'KB-1256', 'SOMBRERO VENTILACION PVC SAL 2\" INYECTOPLAST', 0, 0, 0, 1),
(1257, 'KB-1257', 'SOMBRERO VENTILACION PVC SAL 3\" INYECTOPLAST T', 0, 0, 0, 1),
(1258, 'KB-1258', 'SOMBRERO VENTILACION PVC SAL 4\" INYECTOPLAST T', 0, 0, 0, 1),
(1259, 'KB-1259', 'TRAMPA P PVC SAL C/REG 2\" INYECTOPLAST', 0, 0, 0, 1),
(1260, 'KB-1260', 'TRAMPA P PVC SAL S/REG 2\" INYECTOPLAST', 0, 0, 0, 1),
(1261, 'KB-1261', 'TRAMPA P PVC SAL S/REG 3\" INYECTOPLAST T', 0, 0, 0, 1),
(1262, 'KB-1262', 'TRAMPA P PVC SAL S/REG 4\" INYECTOPLAST T', 0, 0, 0, 1),
(1263, 'KB-1263', 'TEE PVC SAL DOBLE 4\" A 2\" INYECTOPLAST', 0, 0, 0, 1),
(1264, 'KB-1264', 'YEE PVC SAL DOBLE 3\" A 2\" INYECTOPLAST', 0, 0, 0, 1),
(1265, 'KB-1265', 'YEE PVC SAL DOBLE 4\" A 2\" INYECTOPLAST', 0, 0, 0, 1),
(1266, 'KB-1266', 'REDUCCION PVC SAL 2\" A 1 1/2\" INYECTOPLAST T', 0, 0, 0, 1),
(1267, 'KB-1267', 'REDUCCION PVC SAL 3\" A 2\" INYECTOPLAST', 0, 0, 0, 1),
(1268, 'KB-1268', 'REDUCCION PVC SAL 4\" A 2\" INYECTOPLAST', 0, 0, 0, 1),
(1269, 'KB-1269', 'REDUCCION PVC SAL 4\" A 3\" INYECTOPLAST', 0, 0, 0, 1),
(1270, 'KB-1270', 'REDUCCION PVC SAL 6\" A 2\" INYECTOPLAST T', 0, 0, 0, 1),
(1271, 'KB-1271', 'REDUCCION PVC SAL 6\" A 3\" INYECTOPLAST T', 0, 0, 0, 1),
(1272, 'KB-1272', 'REDUCCION PVC SAL CL 6\" A 4\" INYECTOPLAST T', 0, 0, 0, 1),
(1273, 'KB-1273', 'REDUCCION PVC SAL CP 6\" A 4\" INYECTOPLAST T', 0, 0, 0, 1),
(1274, 'KB-1274', 'TEE PVC SAL 3\" A 2\" INYECTOPLAST T', 0, 0, 0, 1),
(1275, 'KB-1275', 'TEE PVC SAL 4\" A 2\" INYECTOPLAST', 0, 0, 0, 1),
(1276, 'KB-1276', 'TEE PVC SAL 4\" A 3\" INYECTOPLAST T', 0, 0, 0, 1),
(1277, 'KB-1277', 'TEE PVC SAL CL 6\" A 4\" INYECTOPLAST T', 0, 0, 0, 1),
(1278, 'KB-1278', 'TEE PVC SAL CP 6\" A 4\" INYECTOPLAST T', 0, 0, 0, 1),
(1279, 'KB-1279', 'YEE PVC SAL 3\" A 2\" INYECTOPLAST', 0, 0, 0, 1),
(1280, 'KB-1280', 'YEE PVC SAL 4\" A 2\" INYECTOPLAST', 0, 0, 0, 1),
(1281, 'KB-1281', 'YEE PVC SAL 4\" A 3\" INYECTOPLAST', 0, 0, 0, 1),
(1282, 'KB-1282', 'YEE PVC SAL 6\" A 2\" INYECTOPLAST T', 0, 0, 0, 1),
(1283, 'KB-1283', 'YEE PVC SAL 6\" A 3\" INYECTOPLAST T', 0, 0, 0, 1),
(1284, 'KB-1284', 'YEE PVC SAL CL 6\" A 4\" INYECTOPLAST T', 0, 0, 0, 1),
(1285, 'KB-1285', 'YEE PVC SAL CP 6\" A 4\" INYECTOPLAST T', 0, 0, 0, 1),
(1286, 'KB-1286', 'CODO VENTILACION PVC SAL 90\" X 2\" INYECTOPLAST', 0, 0, 0, 1),
(1287, 'KB-1287', 'REDUCCION EXCENTRICA PVC SAL 4\" A 2\" INYECTOPLAST', 0, 0, 0, 1),
(1288, 'KB-1288', 'CODO FG 90° X 1/2\"', 0, 0, 0, 1),
(1289, 'KB-1289', 'CODO FG 90° X 3/4\"', 0, 0, 0, 1),
(1290, 'KB-1290', 'CODO FG 90° X 1\"', 0, 0, 0, 1),
(1291, 'KB-1291', 'CODO FG 90° X 1 1/4\"', 0, 0, 0, 1),
(1292, 'KB-1292', 'CODO FG 90° X 1 1/2\"', 0, 0, 0, 1),
(1293, 'KB-1293', 'CODO FG 90° X 2\"', 0, 0, 0, 1),
(1294, 'KB-1294', 'CODO FG 90° X 2 1/2\"', 0, 0, 0, 1),
(1295, 'KB-1295', 'CODO FG 90° X 3\"', 0, 0, 0, 1),
(1296, 'KB-1296', 'CODO FG 90° X 4\"', 0, 0, 0, 1),
(1297, 'KB-1297', 'CODO FG 90° X 6\"', 0, 0, 0, 1),
(1298, 'KB-1298', 'CODO FG 90° X 8\"', 0, 0, 0, 1),
(1299, 'KB-1299', 'CODO FG 90° X 10\"', 0, 0, 0, 1),
(1300, 'KB-1300', 'CODO FG 45° X 1/2\"', 0, 0, 0, 1),
(1301, 'KB-1301', 'CODO FG 45° X 3/4\"', 0, 0, 0, 1),
(1302, 'KB-1302', 'CODO FG 45° X 1\"', 0, 0, 0, 1),
(1303, 'KB-1303', 'CODO FG 45° X 1 1/4\"', 0, 0, 0, 1),
(1304, 'KB-1304', 'CODO FG 45° X 1 1/2\"', 0, 0, 0, 1),
(1305, 'KB-1305', 'CODO FG 45° X 2\"', 0, 0, 0, 1),
(1306, 'KB-1306', 'CODO FG 45° X 2 1/2\"', 0, 0, 0, 1),
(1307, 'KB-1307', 'CODO FG 45° X 3\"', 0, 0, 0, 1),
(1308, 'KB-1308', 'CODO FG 45° X 4\"', 0, 0, 0, 1),
(1309, 'KB-1309', 'CODO FG 45° X 6\"', 0, 0, 0, 1),
(1310, 'KB-1310', 'CODO FG 45° X 8\"', 0, 0, 0, 1),
(1311, 'KB-1311', 'CODO FG 45° X 10\"', 0, 0, 0, 1),
(1312, 'KB-1312', 'UNION FG 1/2\"', 0, 0, 0, 1),
(1313, 'KB-1313', 'UNION FG 3/4\"', 0, 0, 0, 1),
(1314, 'KB-1314', 'UNION FG 1\"', 0, 0, 0, 1),
(1315, 'KB-1315', 'UNION FG 1 1/4\"', 0, 0, 0, 1),
(1316, 'KB-1316', 'UNION FG 1 1/2\"', 0, 0, 0, 1),
(1317, 'KB-1317', 'UNION FG 2\"', 0, 0, 0, 1),
(1318, 'KB-1318', 'UNION FG 2 1/2\"', 0, 0, 0, 1),
(1319, 'KB-1319', 'UNION FG 3\"', 0, 0, 0, 1),
(1320, 'KB-1320', 'UNION FG 4\"', 0, 0, 0, 1),
(1321, 'KB-1321', 'UNION FG 6\"', 0, 0, 0, 1),
(1322, 'KB-1322', 'UNION FG 8\"', 0, 0, 0, 1),
(1323, 'KB-1323', 'UNION FG 10\"', 0, 0, 0, 1),
(1324, 'KB-1324', 'TEE FG 1/2\"', 0, 0, 0, 1),
(1325, 'KB-1325', 'TEE FG 3/4\"', 0, 0, 0, 1),
(1326, 'KB-1326', 'TEE FG 1\"', 0, 0, 0, 1),
(1327, 'KB-1327', 'TEE FG 1 1/4\"', 0, 0, 0, 1),
(1328, 'KB-1328', 'TEE FG 1 1/2\"', 0, 0, 0, 1),
(1329, 'KB-1329', 'TEE FG 2\"', 0, 0, 0, 1),
(1330, 'KB-1330', 'TEE FG 2 1/2\"', 0, 0, 0, 1),
(1331, 'KB-1331', 'TEE FG 3\"', 0, 0, 0, 1),
(1332, 'KB-1332', 'TEE FG 4\"', 0, 0, 0, 1),
(1333, 'KB-1333', 'TEE FG 6\"', 0, 0, 0, 1),
(1334, 'KB-1334', 'TEE FG 8\"', 0, 0, 0, 1),
(1335, 'KB-1335', 'TEE FG 10\"', 0, 0, 0, 1),
(1336, 'KB-1336', 'UNION UNIVERSAL FG 1/2\"', 0, 0, 0, 1),
(1337, 'KB-1337', 'UNION UNIVERSAL FG 3/4\"', 0, 0, 0, 1),
(1338, 'KB-1338', 'UNION UNIVERSAL FG 1\"', 0, 0, 0, 1),
(1339, 'KB-1339', 'UNION UNIVERSAL FG 1 1/4\"', 0, 0, 0, 1),
(1340, 'KB-1340', 'UNION UNIVERSAL FG 1 1/2\"', 0, 0, 0, 1),
(1341, 'KB-1341', 'UNION UNIVERSAL FG 2\"', 0, 0, 0, 1),
(1342, 'KB-1342', 'UNION UNIVERSAL FG 2 1/2\"', 0, 0, 0, 1),
(1343, 'KB-1343', 'UNION UNIVERSAL FG 3\"', 0, 0, 0, 1),
(1344, 'KB-1344', 'UNION UNIVERSAL FG 4\"', 0, 0, 0, 1),
(1345, 'KB-1345', 'UNION UNIVERSAL FG 6\"', 0, 0, 0, 1),
(1346, 'KB-1346', 'UNION UNIVERSAL FG 8\"', 0, 0, 0, 1),
(1347, 'KB-1347', 'UNION UNIVERSAL FG 10\"', 0, 0, 0, 1),
(1348, 'KB-1348', 'TAPON HEMBRA FG 1/2\"', 0, 0, 0, 1),
(1349, 'KB-1349', 'TAPON HEMBRA FG 3/4\"', 0, 0, 0, 1),
(1350, 'KB-1350', 'TAPON HEMBRA FG 1\"', 0, 0, 0, 1),
(1351, 'KB-1351', 'TAPON HEMBRA FG 1 1/4\"', 0, 0, 0, 1),
(1352, 'KB-1352', 'TAPON HEMBRA FG 1 1/2\"', 0, 0, 0, 1),
(1353, 'KB-1353', 'TAPON HEMBRA FG 2\"', 0, 0, 0, 1),
(1354, 'KB-1354', 'TAPON HEMBRA FG 2 1/2\"', 0, 0, 0, 1),
(1355, 'KB-1355', 'TAPON HEMBRA FG 3\"', 0, 0, 0, 1),
(1356, 'KB-1356', 'TAPON HEMBRA FG 4\"', 0, 0, 0, 1),
(1357, 'KB-1357', 'TAPON HEMBRA FG 6\"', 0, 0, 0, 1),
(1358, 'KB-1358', 'TAPON HEMBRA FG 8\"', 0, 0, 0, 1),
(1359, 'KB-1359', 'TAPON HEMBRA FG 10\"', 0, 0, 0, 1),
(1360, 'KB-1360', 'TAPON MACHO FG 1/2\"', 0, 0, 0, 1),
(1361, 'KB-1361', 'TAPON MACHO FG 3/4\"', 0, 0, 0, 1),
(1362, 'KB-1362', 'TAPON MACHO FG 1\"', 0, 0, 0, 1),
(1363, 'KB-1363', 'TAPON MACHO FG 1 1/4\"', 0, 0, 0, 1),
(1364, 'KB-1364', 'TAPON MACHO FG 1 1/2\"', 0, 0, 0, 1),
(1365, 'KB-1365', 'TAPON MACHO FG 2\"', 0, 0, 0, 1),
(1366, 'KB-1366', 'TAPON MACHO FG 2 1/2\"', 0, 0, 0, 1),
(1367, 'KB-1367', 'TAPON MACHO FG 3\"', 0, 0, 0, 1),
(1368, 'KB-1368', 'TAPON MACHO FG 4\"', 0, 0, 0, 1),
(1369, 'KB-1369', 'TAPON MACHO FG 6\"', 0, 0, 0, 1),
(1370, 'KB-1370', 'TAPON MACHO FG 8\"', 0, 0, 0, 1),
(1371, 'KB-1371', 'TAPON MACHO FG 10\"', 0, 0, 0, 1),
(1372, 'KB-1372', 'REDUCCION CAMPANA FG 3/4\" A 1/2\'\'', 0, 0, 0, 1),
(1373, 'KB-1373', 'REDUCCION CAMPANA FG 1\" A 1/2\'\'', 0, 0, 0, 1),
(1374, 'KB-1374', 'REDUCCION CAMPANA FG 1\" A 3/4\'\'', 0, 0, 0, 1),
(1375, 'KB-1375', 'REDUCCION CAMPANA FG 1 1/4\" A 1/2\'\'', 0, 0, 0, 1),
(1376, 'KB-1376', 'REDUCCION CAMPANA FG 1 1/4\" A 3/4\'\'', 0, 0, 0, 1),
(1377, 'KB-1377', 'REDUCCION CAMPANA FG 1 1/4\" A 1\'\'', 0, 0, 0, 1),
(1378, 'KB-1378', 'REDUCCION CAMPANA FG 1 1/2\" A 1/2\'\'', 0, 0, 0, 1),
(1379, 'KB-1379', 'REDUCCION CAMPANA FG 1 1/2\" A 3/4\'\'', 0, 0, 0, 1),
(1380, 'KB-1380', 'REDUCCION CAMPANA FG 1 1/2\" A 1\'\'', 0, 0, 0, 1),
(1381, 'KB-1381', 'REDUCCION CAMPANA FG 1 1/2\" A 1 1/4\'\'', 0, 0, 0, 1),
(1382, 'KB-1382', 'REDUCCION CAMPANA FG 2\" A 1/2\'\'', 0, 0, 0, 1),
(1383, 'KB-1383', 'REDUCCION CAMPANA FG 2\" A 3/4\'\'', 0, 0, 0, 1),
(1384, 'KB-1384', 'REDUCCION CAMPANA FG 2\" A 1\'\'', 0, 0, 0, 1),
(1385, 'KB-1385', 'REDUCCION CAMPANA FG 2\" A 1 1/4\'\'', 0, 0, 0, 1),
(1386, 'KB-1386', 'REDUCCION CAMPANA FG 2\" A 1 1/2\'\'', 0, 0, 0, 1),
(1387, 'KB-1387', 'REDUCCION CAMPANA FG 2 1/2\" A 1 1/4\'\'', 0, 0, 0, 1),
(1388, 'KB-1388', 'REDUCCION CAMPANA FG 2 1/2\" A 1 1/2\'\'', 0, 0, 0, 1),
(1389, 'KB-1389', 'REDUCCION CAMPANA FG 2 1/2\" A 2\'\'', 0, 0, 0, 1),
(1390, 'KB-1390', 'REDUCCION CAMPANA FG 3\" A 1 1/2\'\'', 0, 0, 0, 1),
(1391, 'KB-1391', 'REDUCCION CAMPANA FG 3\" A 2\'\'', 0, 0, 0, 1),
(1392, 'KB-1392', 'REDUCCION CAMPANA FG 3\" A 2 1/2\'\'', 0, 0, 0, 1),
(1393, 'KB-1393', 'REDUCCION CAMPANA FG 4\" A 3\'\'', 0, 0, 0, 1),
(1394, 'KB-1394', 'REDUCCION BUSHING FG 3/4\" A 1/2\'\'', 0, 0, 0, 1),
(1395, 'KB-1395', 'REDUCCION BUSHING FG 1\" A 1/2\'\'', 0, 0, 0, 1),
(1396, 'KB-1396', 'REDUCCION BUSHING FG 1\" A 3/4\'\'', 0, 0, 0, 1),
(1397, 'KB-1397', 'REDUCCION BUSHING FG 1 1/4\" A 1/2\'\'', 0, 0, 0, 1),
(1398, 'KB-1398', 'REDUCCION BUSHING FG 1 1/4\" A 3/4\'\'', 0, 0, 0, 1),
(1399, 'KB-1399', 'REDUCCION BUSHING FG 1 1/4\" A 1\'\'', 0, 0, 0, 1),
(1400, 'KB-1400', 'REDUCCION BUSHING FG 1 1/2\" A 1/2\'\'', 0, 0, 0, 1),
(1401, 'KB-1401', 'REDUCCION BUSHING FG 1 1/2\" A 3/4\'\'', 0, 0, 0, 1),
(1402, 'KB-1402', 'REDUCCION BUSHING FG 1 1/2\" A 1\'\'', 0, 0, 0, 1),
(1403, 'KB-1403', 'REDUCCION BUSHING FG 1 1/2\" A 1 1/4\'\'', 0, 0, 0, 1),
(1404, 'KB-1404', 'REDUCCION BUSHING FG 2\" A 1/2\'\'', 0, 0, 0, 1),
(1405, 'KB-1405', 'REDUCCION BUSHING FG 2\" A 3/4\'\'', 0, 0, 0, 1),
(1406, 'KB-1406', 'REDUCCION BUSHING FG 2\" A 1\'\'', 0, 0, 0, 1),
(1407, 'KB-1407', 'REDUCCION BUSHING FG 2\" A 1 1/4\'\'', 0, 0, 0, 1),
(1408, 'KB-1408', 'REDUCCION BUSHING FG 2\" A 1 1/2\'\'', 0, 0, 0, 1),
(1409, 'KB-1409', 'REDUCCION BUSHING FG 2 1/2\" A 1 1/4\'\'', 0, 0, 0, 1),
(1410, 'KB-1410', 'REDUCCION BUSHING FG 2 1/2\" A 1 1/2\'\'', 0, 0, 0, 1),
(1411, 'KB-1411', 'REDUCCION BUSHING FG 2 1/2\" A 2\'\'', 0, 0, 0, 1),
(1412, 'KB-1412', 'REDUCCION BUSHING FG 3\" A 1 1/2\'\'', 0, 0, 0, 1),
(1413, 'KB-1413', 'REDUCCION BUSHING FG 3\" A 2\'\'', 0, 0, 0, 1),
(1414, 'KB-1414', 'REDUCCION BUSHING FG 3\" A 2 1/2\'\'', 0, 0, 0, 1),
(1415, 'KB-1415', 'REDUCCION BUSHING FG 4\" A 3\'\'', 0, 0, 0, 1),
(1416, 'KB-1416', 'NIPLE FG 1/2\" X 1 1/2\'\'', 0, 0, 0, 1),
(1417, 'KB-1417', 'NIPLE FG 1/2\" X 2\'\'', 0, 0, 0, 1),
(1418, 'KB-1418', 'NIPLE FG 1/2\" X 2 1/2\'\'', 0, 0, 0, 1),
(1419, 'KB-1419', 'NIPLE FG 1/2\" X 3\'\'', 0, 0, 0, 1),
(1420, 'KB-1420', 'NIPLE FG 1/2\" X 3 1/2\'\'', 0, 0, 0, 1),
(1421, 'KB-1421', 'NIPLE FG 1/2\" X 4\'\'', 0, 0, 0, 1),
(1422, 'KB-1422', 'NIPLE FG 1/2\" X 5\'\'', 0, 0, 0, 1),
(1423, 'KB-1423', 'NIPLE FG 1/2\" X 6\'\'', 0, 0, 0, 1),
(1424, 'KB-1424', 'NIPLE FG 1/2\" X 7\'\'', 0, 0, 0, 1),
(1425, 'KB-1425', 'NIPLE FG 1/2\" X 8\'\'', 0, 0, 0, 1),
(1426, 'KB-1426', 'NIPLE FG 1/2\" X 9\'\'', 0, 0, 0, 1),
(1427, 'KB-1427', 'NIPLE FG 1/2\" X 10\'\'', 0, 0, 0, 1),
(1428, 'KB-1428', 'NIPLE FG 1/2\" X 11\'\'', 0, 0, 0, 1),
(1429, 'KB-1429', 'NIPLE FG 1/2\" X 12\"', 0, 0, 0, 1),
(1430, 'KB-1430', 'NIPLE FG 3/4\" X 1 1/2\'\'', 0, 0, 0, 1),
(1431, 'KB-1431', 'NIPLE FG 3/4\" X 2\'\'', 0, 0, 0, 1),
(1432, 'KB-1432', 'NIPLE FG 3/4\" X 2 1/2\'\'', 0, 0, 0, 1),
(1433, 'KB-1433', 'NIPLE FG 3/4\" X 3\'\'', 0, 0, 0, 1),
(1434, 'KB-1434', 'NIPLE FG 3/4\" X 3 1/2\'\'', 0, 0, 0, 1),
(1435, 'KB-1435', 'NIPLE FG 3/4\" X 4\'\'', 0, 0, 0, 1),
(1436, 'KB-1436', 'NIPLE FG 3/4\" X 5\'\'', 0, 0, 0, 1),
(1437, 'KB-1437', 'NIPLE FG 3/4\" X 6\'\'', 0, 0, 0, 1),
(1438, 'KB-1438', 'NIPLE FG 3/4\" X 7\'\'', 0, 0, 0, 1),
(1439, 'KB-1439', 'NIPLE FG 3/4\" X 8\'\'', 0, 0, 0, 1),
(1440, 'KB-1440', 'NIPLE FG 3/4\" X 9\'\'', 0, 0, 0, 1),
(1441, 'KB-1441', 'NIPLE FG 3/4\" X 10\'\'', 0, 0, 0, 1),
(1442, 'KB-1442', 'NIPLE FG 3/4\" X 11\'\'', 0, 0, 0, 1),
(1443, 'KB-1443', 'NIPLE FG 3/4\" X 12\"', 0, 0, 0, 1),
(1444, 'KB-1444', 'NIPLE FG 1\" X 1 1/2\'\'', 0, 0, 0, 1),
(1445, 'KB-1445', 'NIPLE FG 1\" X 2\'\'', 0, 0, 0, 1),
(1446, 'KB-1446', 'NIPLE FG 1\" X 2 1/2\'\'', 0, 0, 0, 1),
(1447, 'KB-1447', 'NIPLE FG 1\" X 3\'\'', 0, 0, 0, 1),
(1448, 'KB-1448', 'NIPLE FG 1\" X 3 1/2\'\'', 0, 0, 0, 1),
(1449, 'KB-1449', 'NIPLE FG 1\" X 4\'\'', 0, 0, 0, 1),
(1450, 'KB-1450', 'NIPLE FG 1\" X 5\'\'', 0, 0, 0, 1),
(1451, 'KB-1451', 'NIPLE FG 1\" X 6\'\'', 0, 0, 0, 1),
(1452, 'KB-1452', 'NIPLE FG 1\" X 7\'\'', 0, 0, 0, 1),
(1453, 'KB-1453', 'NIPLE FG 1\" X 8\'\'', 0, 0, 0, 1),
(1454, 'KB-1454', 'NIPLE FG 1\" X 9\'\'', 0, 0, 0, 1),
(1455, 'KB-1455', 'NIPLE FG 1\" X 10\'\'', 0, 0, 0, 1),
(1456, 'KB-1456', 'NIPLE FG 1\" X 11\'\'', 0, 0, 0, 1),
(1457, 'KB-1457', 'NIPLE FG 1\" X 12\"', 0, 0, 0, 1),
(1458, 'KB-1458', 'NIPLE FG 1 1/4\" X 1 1/2\'\'', 0, 0, 0, 1),
(1459, 'KB-1459', 'NIPLE FG 1 1/4\" X 2\'\'', 0, 0, 0, 1),
(1460, 'KB-1460', 'NIPLE FG 1 1/4\" X 2 1/2\'\'', 0, 0, 0, 1),
(1461, 'KB-1461', 'NIPLE FG 1 1/4\" X 3\'\'', 0, 0, 0, 1),
(1462, 'KB-1462', 'NIPLE FG 1 1/4\" X 3 1/2\'\'', 0, 0, 0, 1),
(1463, 'KB-1463', 'NIPLE FG 1 1/4\" X 4\'\'', 0, 0, 0, 1),
(1464, 'KB-1464', 'NIPLE FG 1 1/4\" X 5\'\'', 0, 0, 0, 1),
(1465, 'KB-1465', 'NIPLE FG 1 1/4\" X 6\'\'', 0, 0, 0, 1),
(1466, 'KB-1466', 'NIPLE FG 1 1/4\" X 7\'\'', 0, 0, 0, 1),
(1467, 'KB-1467', 'NIPLE FG 1 1/4\" X 8\'\'', 0, 0, 0, 1),
(1468, 'KB-1468', 'NIPLE FG 1 1/4\" X 9\'\'', 0, 0, 0, 1),
(1469, 'KB-1469', 'NIPLE FG 1 1/4\" X 10\'\'', 0, 0, 0, 1),
(1470, 'KB-1470', 'NIPLE FG 1 1/4\" X 11\'\'', 0, 0, 0, 1),
(1471, 'KB-1471', 'NIPLE FG 1 1/4\" X 12\"', 0, 0, 0, 1),
(1472, 'KB-1472', 'NIPLE FG 1 1/2\" X 1 1/2\'\'', 0, 0, 0, 1),
(1473, 'KB-1473', 'NIPLE FG 1 1/2\" X 2\'\'', 0, 0, 0, 1),
(1474, 'KB-1474', 'NIPLE FG 1 1/2\" X 2 1/2\'\'', 0, 0, 0, 1),
(1475, 'KB-1475', 'NIPLE FG 1 1/2\" X 3\'\'', 0, 0, 0, 1),
(1476, 'KB-1476', 'NIPLE FG 1 1/2\" X 3 1/2\'\'', 0, 0, 0, 1),
(1477, 'KB-1477', 'NIPLE FG 1 1/2\" X 4\'\'', 0, 0, 0, 1),
(1478, 'KB-1478', 'NIPLE FG 1 1/2\" X 5\'\'', 0, 0, 0, 1),
(1479, 'KB-1479', 'NIPLE FG 1 1/2\" X 6\'\'', 0, 0, 0, 1),
(1480, 'KB-1480', 'NIPLE FG 1 1/2\" X 7\'\'', 0, 0, 0, 1),
(1481, 'KB-1481', 'NIPLE FG 1 1/2\" X 8\'\'', 0, 0, 0, 1),
(1482, 'KB-1482', 'NIPLE FG 1 1/2\" X 9\'\'', 0, 0, 0, 1),
(1483, 'KB-1483', 'NIPLE FG 1 1/2\" X 10\'\'', 0, 0, 0, 1),
(1484, 'KB-1484', 'NIPLE FG 1 1/2\" X 11\'\'', 0, 0, 0, 1),
(1485, 'KB-1485', 'NIPLE FG 1 1/2\" X 12\"', 0, 0, 0, 1),
(1486, 'KB-1486', 'NIPLE FG 2\" X 1 1/2\'\'', 0, 0, 0, 1);
INSERT INTO `tproductos` (`id_pro`, `cod_pro`, `des_pro`, `p_compra`, `inicial`, `cod_prov`, `id_mar`) VALUES
(1487, 'KB-1487', 'NIPLE FG 2\" X 2\'\'', 0, 0, 0, 1),
(1488, 'KB-1488', 'NIPLE FG 2\" X 2 1/2\'\'', 0, 0, 0, 1),
(1489, 'KB-1489', 'NIPLE FG 2\" X 3\'\'', 0, 0, 0, 1),
(1490, 'KB-1490', 'NIPLE FG 2\" X 3 1/2\'\'', 0, 0, 0, 1),
(1491, 'KB-1491', 'NIPLE FG 2\" X 4\'\'', 0, 0, 0, 1),
(1492, 'KB-1492', 'NIPLE FG 2\" X 5\'\'', 0, 0, 0, 1),
(1493, 'KB-1493', 'NIPLE FG 2\" X 6\'\'', 0, 0, 0, 1),
(1494, 'KB-1494', 'NIPLE FG 2\" X 7\'\'', 0, 0, 0, 1),
(1495, 'KB-1495', 'NIPLE FG 2\" X 8\'\'', 0, 0, 0, 1),
(1496, 'KB-1496', 'NIPLE FG 2\" X 9\'\'', 0, 0, 0, 1),
(1497, 'KB-1497', 'NIPLE FG 2\" X 10\'\'', 0, 0, 0, 1),
(1498, 'KB-1498', 'NIPLE FG 2\" X 11\'\'', 0, 0, 0, 1),
(1499, 'KB-1499', 'NIPLE FG 2\" X 12\"', 0, 0, 0, 1),
(1500, 'KB-1500', 'NIPLE FG 2 1/2\" X 1 1/2\'\'', 0, 0, 0, 1),
(1501, 'KB-1501', 'NIPLE FG 2 1/2\" X 2\'\'', 0, 0, 0, 1),
(1502, 'KB-1502', 'NIPLE FG 2 1/2\" X 2 1/2\'\'', 0, 0, 0, 1),
(1503, 'KB-1503', 'NIPLE FG 2 1/2\" X 3\'\'', 0, 0, 0, 1),
(1504, 'KB-1504', 'NIPLE FG 2 1/2\" X 3 1/2\'\'', 0, 0, 0, 1),
(1505, 'KB-1505', 'NIPLE FG 2 1/2\" X 4\'\'', 0, 0, 0, 1),
(1506, 'KB-1506', 'NIPLE FG 2 1/2\" X 5\'\'', 0, 0, 0, 1),
(1507, 'KB-1507', 'NIPLE FG 2 1/2\" X 6\'\'', 0, 0, 0, 1),
(1508, 'KB-1508', 'NIPLE FG 2 1/2\" X 7\'\'', 0, 0, 0, 1),
(1509, 'KB-1509', 'NIPLE FG 2 1/2\" X 8\'\'', 0, 0, 0, 1),
(1510, 'KB-1510', 'NIPLE FG 2 1/2\" X 9\'\'', 0, 0, 0, 1),
(1511, 'KB-1511', 'NIPLE FG 2 1/2\" X 10\'\'', 0, 0, 0, 1),
(1512, 'KB-1512', 'NIPLE FG 2 1/2\" X 11\'\'', 0, 0, 0, 1),
(1513, 'KB-1513', 'NIPLE FG 2 1/2\" X 12\"', 0, 0, 0, 1),
(1514, 'KB-1514', 'NIPLE FG 3\" X 1 1/2\'\'', 0, 0, 0, 1),
(1515, 'KB-1515', 'NIPLE FG 3\" X 2\'\'', 0, 0, 0, 1),
(1516, 'KB-1516', 'NIPLE FG 3\" X 2 1/2\'\'', 0, 0, 0, 1),
(1517, 'KB-1517', 'NIPLE FG 3\" X 3\'\'', 0, 0, 0, 1),
(1518, 'KB-1518', 'NIPLE FG 3\" X 3 1/2\'\'', 0, 0, 0, 1),
(1519, 'KB-1519', 'NIPLE FG 3\" X 4\'\'', 0, 0, 0, 1),
(1520, 'KB-1520', 'NIPLE FG 3\" X 5\'\'', 0, 0, 0, 1),
(1521, 'KB-1521', 'NIPLE FG 3\" X 6\'\'', 0, 0, 0, 1),
(1522, 'KB-1522', 'NIPLE FG 3\" X 7\'\'', 0, 0, 0, 1),
(1523, 'KB-1523', 'NIPLE FG 3\" X 8\'\'', 0, 0, 0, 1),
(1524, 'KB-1524', 'NIPLE FG 3\" X 9\'\'', 0, 0, 0, 1),
(1525, 'KB-1525', 'NIPLE FG 3\" X 10\'\'', 0, 0, 0, 1),
(1526, 'KB-1526', 'NIPLE FG 3\" X 11\'\'', 0, 0, 0, 1),
(1527, 'KB-1527', 'NIPLE FG 3\" X 12\"', 0, 0, 0, 1),
(1528, 'KB-1528', 'UNION UNIVERSAL PVC C/ROSCA 1/2\" SANKING', 0, 0, 0, 1),
(1529, 'KB-1529', 'UNION UNIVERSAL PVC C/ROSCA 3/4\" SANKING', 0, 0, 0, 1),
(1530, 'KB-1530', 'UNION UNIVERSAL PVC C/ROSCA 1\" SANKING', 0, 0, 0, 1),
(1531, 'KB-1531', 'UNION UNIVERSAL PVC C/ROSCA 1 1/4\" SANKING', 0, 0, 0, 1),
(1532, 'KB-1532', 'UNION UNIVERSAL PVC C/ROSCA 1 1/2\" SANKING', 0, 0, 0, 1),
(1533, 'KB-1533', 'UNION UNIVERSAL PVC C/ROSCA 2\" SANKING', 0, 0, 0, 1),
(1534, 'KB-1534', 'UNION UNIVERSAL PVC C/ROSCA 2 1/2\" SANKING', 0, 0, 0, 1),
(1535, 'KB-1535', 'UNION UNIVERSAL PVC C/ROSCA 3\" SANKING', 0, 0, 0, 1),
(1536, 'KB-1536', 'UNION UNIVERSAL PVC C/ROSCA 4\" SANKING', 0, 0, 0, 1),
(1537, 'KB-1537', 'UNION UNIVERSAL PVC C/ROSCA 6\" SANKING', 0, 0, 0, 1),
(1538, 'KB-1538', 'UNION UNIVERSAL PVC SP 1/2\" SANKING', 0, 0, 0, 1),
(1539, 'KB-1539', 'UNION UNIVERSAL PVC SP 3/4\" SANKING', 0, 0, 0, 1),
(1540, 'KB-1540', 'UNION UNIVERSAL PVC SP 1\" SANKING', 0, 0, 0, 1),
(1541, 'KB-1541', 'UNION UNIVERSAL PVC SP 1 1/4\" SANKING', 0, 0, 0, 1),
(1542, 'KB-1542', 'UNION UNIVERSAL PVC SP 1 1/2\" SANKING', 0, 0, 0, 1),
(1543, 'KB-1543', 'UNION UNIVERSAL PVC SP 2\" SANKING', 0, 0, 0, 1),
(1544, 'KB-1544', 'UNION UNIVERSAL PVC SP 2 1/2\" SANKING', 0, 0, 0, 1),
(1545, 'KB-1545', 'UNION UNIVERSAL PVC SP 3\" SANKING', 0, 0, 0, 1),
(1546, 'KB-1546', 'UNION UNIVERSAL PVC SP 4\" SANKING', 0, 0, 0, 1),
(1547, 'KB-1547', 'VALVULA ESFERICA PVC C/ROSCA 1/2\" SANKING', 0, 0, 0, 1),
(1548, 'KB-1548', 'VALVULA ESFERICA PVC C/ROSCA 3/4\" SANKING', 0, 0, 0, 1),
(1549, 'KB-1549', 'VALVULA ESFERICA PVC C/ROSCA 1\" SANKING', 0, 0, 0, 1),
(1550, 'KB-1550', 'VALVULA ESFERICA PVC C/ROSCA 1 1/4\" SANKING', 0, 0, 0, 1),
(1551, 'KB-1551', 'VALVULA ESFERICA PVC C/ROSCA 1 1/2\" SANKING', 0, 0, 0, 1),
(1552, 'KB-1552', 'VALVULA ESFERICA PVC C/ROSCA 2\" SANKING', 0, 0, 0, 1),
(1553, 'KB-1553', 'VALVULA ESFERICA PVC C/ROSCA 2 1/2\" SANKING', 0, 0, 0, 1),
(1554, 'KB-1554', 'VALVULA ESFERICA PVC C/ROSCA 3\" SANKING', 0, 0, 0, 1),
(1555, 'KB-1555', 'VALVULA ESFERICA PVC C/ROSCA 4\" SANKING', 0, 0, 0, 1),
(1556, 'KB-1556', 'VALVULA ESFERICA PVC SP 1/2\" SANKING', 0, 0, 0, 1),
(1557, 'KB-1557', 'VALVULA ESFERICA PVC SP 3/4\" SANKING', 0, 0, 0, 1),
(1558, 'KB-1558', 'VALVULA ESFERICA PVC SP 1\" SANKING', 0, 0, 0, 1),
(1559, 'KB-1559', 'VALVULA ESFERICA PVC SP 1 1/4\" SANKING', 0, 0, 0, 1),
(1560, 'KB-1560', 'VALVULA ESFERICA PVC SP 1 1/2\" SANKING', 0, 0, 0, 1),
(1561, 'KB-1561', 'VALVULA ESFERICA PVC SP 2\" SANKING', 0, 0, 0, 1),
(1562, 'KB-1562', 'VALVULA ESFERICA PVC SP 2 1/2\" SANKING', 0, 0, 0, 1),
(1563, 'KB-1563', 'VALVULA ESFERICA PVC SP 3\" SANKING', 0, 0, 0, 1),
(1564, 'KB-1564', 'VALVULA ESFERICA PVC SP 4\" SANKING', 0, 0, 0, 1),
(1565, 'KB-1565', 'VALVULA ESFERICA BRONCE LIVIANA 1/2\" CIM', 0, 0, 0, 1),
(1566, 'KB-1566', 'VALVULA ESFERICA BRONCE LIVIANA 3/4\" CIM', 0, 0, 0, 1),
(1567, 'KB-1567', 'VALVULA ESFERICA BRONCE LIVIANA 1\" CIM', 0, 0, 0, 1),
(1568, 'KB-1568', 'VALVULA ESFERICA BRONCE LIVIANA 1 1/4\" CIM', 0, 0, 0, 1),
(1569, 'KB-1569', 'VALVULA ESFERICA BRONCE LIVIANA 1 1/2\" CIM', 0, 0, 0, 1),
(1570, 'KB-1570', 'VALVULA ESFERICA BRONCE LIVIANA 2\" CIM', 0, 0, 0, 1),
(1571, 'KB-1571', 'VALVULA ESFERICA BRONCE LIVIANA 2 1/2\" CIM', 0, 0, 0, 1),
(1572, 'KB-1572', 'VALVULA ESFERICA BRONCE LIVIANA 3\" CIM', 0, 0, 0, 1),
(1573, 'KB-1573', 'VALVULA ESFERICA BRONCE LIVIANA 4\" CIM', 0, 0, 0, 1),
(1574, 'KB-1574', 'VALVULA ESFERICA BRONCE PESADA 1/2\" CIM', 0, 0, 0, 1),
(1575, 'KB-1575', 'VALVULA ESFERICA BRONCE PESADA 3/4\" CIM', 0, 0, 0, 1),
(1576, 'KB-1576', 'VALVULA ESFERICA BRONCE PESADA 1\" CIM', 0, 0, 0, 1),
(1577, 'KB-1577', 'VALVULA ESFERICA BRONCE PESADA 1 1/4\" CIM', 0, 0, 0, 1),
(1578, 'KB-1578', 'VALVULA ESFERICA BRONCE PESADA 1 1/2\" CIM', 0, 0, 0, 1),
(1579, 'KB-1579', 'VALVULA ESFERICA BRONCE PESADA 2\" CIM', 0, 0, 0, 1),
(1580, 'KB-1580', 'VALVULA ESFERICA BRONCE PESADA 2 1/2\" CIM', 0, 0, 0, 1),
(1581, 'KB-1581', 'VALVULA ESFERICA BRONCE PESADA 3\" CIM', 0, 0, 0, 1),
(1582, 'KB-1582', 'VALVULA ESFERICA BRONCE PESADA 4\" CIM', 0, 0, 0, 1),
(1583, 'KB-1583', 'VALVULA COMPUERTA BRONCE LIVIANA 1/2\" CIM', 0, 0, 0, 1),
(1584, 'KB-1584', 'VALVULA COMPUERTA BRONCE LIVIANA 3/4\" CIM', 0, 0, 0, 1),
(1585, 'KB-1585', 'VALVULA COMPUERTA BRONCE LIVIANA 1\" CIM', 0, 0, 0, 1),
(1586, 'KB-1586', 'VALVULA COMPUERTA BRONCE LIVIANA 1 1/4\" CIM', 0, 0, 0, 1),
(1587, 'KB-1587', 'VALVULA COMPUERTA BRONCE LIVIANA 1 1/2\" CIM', 0, 0, 0, 1),
(1588, 'KB-1588', 'VALVULA COMPUERTA BRONCE LIVIANA 2\" CIM', 0, 0, 0, 1),
(1589, 'KB-1589', 'VALVULA COMPUERTA BRONCE LIVIANA 2 1/2\" CIM', 0, 0, 0, 1),
(1590, 'KB-1590', 'VALVULA COMPUERTA BRONCE LIVIANA 3\" CIM', 0, 0, 0, 1),
(1591, 'KB-1591', 'VALVULA COMPUERTA BRONCE LIVIANA 4\" CIM', 0, 0, 0, 1),
(1592, 'KB-1592', 'VALVULA COMPUERTA BRONCE PESADA 1/2\" CIM', 0, 0, 0, 1),
(1593, 'KB-1593', 'VALVULA COMPUERTA BRONCE PESADA 3/4\" CIM', 0, 0, 0, 1),
(1594, 'KB-1594', 'VALVULA COMPUERTA BRONCE PESADA 1\" CIM', 0, 0, 0, 1),
(1595, 'KB-1595', 'VALVULA COMPUERTA BRONCE PESADA 1 1/4\" CIM', 0, 0, 0, 1),
(1596, 'KB-1596', 'VALVULA COMPUERTA BRONCE PESADA 1 1/2\" CIM', 0, 0, 0, 1),
(1597, 'KB-1597', 'VALVULA COMPUERTA BRONCE PESADA 2\" CIM', 0, 0, 0, 1),
(1598, 'KB-1598', 'VALVULA COMPUERTA BRONCE PESADA 2 1/2\" CIM', 0, 0, 0, 1),
(1599, 'KB-1599', 'VALVULA COMPUERTA BRONCE PESADA 3\" CIM', 0, 0, 0, 1),
(1600, 'KB-1600', 'VALVULA COMPUERTA BRONCE PESADA 4\" CIM', 0, 0, 0, 1),
(1601, 'KB-1601', 'VALVULA CHECK BRONCE HORIZONTAL 1/2\" CIM', 0, 0, 0, 1),
(1602, 'KB-1602', 'VALVULA CHECK BRONCE HORIZONTAL 3/4\" CIM', 0, 0, 0, 1),
(1603, 'KB-1603', 'VALVULA CHECK BRONCE HORIZONTAL 1\" CIM', 0, 0, 0, 1),
(1604, 'KB-1604', 'VALVULA CHECK BRONCE HORIZONTAL 1 1/4\" CIM', 0, 0, 0, 1),
(1605, 'KB-1605', 'VALVULA CHECK BRONCE HORIZONTAL 1 1/2\" CIM', 0, 0, 0, 1),
(1606, 'KB-1606', 'VALVULA CHECK BRONCE HORIZONTAL 2\" CIM', 0, 0, 0, 1),
(1607, 'KB-1607', 'VALVULA CHECK BRONCE HORIZONTAL 2 1/2\" CIM', 0, 0, 0, 1),
(1608, 'KB-1608', 'VALVULA CHECK BRONCE HORIZONTAL 3\" CIM', 0, 0, 0, 1),
(1609, 'KB-1609', 'VALVULA CHECK BRONCE HORIZONTAL 4\" CIM', 0, 0, 0, 1),
(1610, 'KB-1610', 'VALVULA CHECK BRONCE VERTICAL 1/2\" CIM', 0, 0, 0, 1),
(1611, 'KB-1611', 'VALVULA CHECK BRONCE VERTICAL 3/4\" CIM', 0, 0, 0, 1),
(1612, 'KB-1612', 'VALVULA CHECK BRONCE VERTICAL 1\" CIM', 0, 0, 0, 1),
(1613, 'KB-1613', 'VALVULA CHECK BRONCE VERTICAL 1 1/4\" CIM', 0, 0, 0, 1),
(1614, 'KB-1614', 'VALVULA CHECK BRONCE VERTICAL 1 1/2\" CIM', 0, 0, 0, 1),
(1615, 'KB-1615', 'VALVULA CHECK BRONCE VERTICAL 2\" CIM', 0, 0, 0, 1),
(1616, 'KB-1616', 'VALVULA CHECK BRONCE VERTICAL 2 1/2\" CIM', 0, 0, 0, 1),
(1617, 'KB-1617', 'VALVULA CHECK BRONCE VERTICAL 3\" CIM', 0, 0, 0, 1),
(1618, 'KB-1618', 'VALVULA CHECK BRONCE VERTICAL 4\" CIM', 0, 0, 0, 1),
(1619, 'KB-1619', 'VALVULA CANASTILLA BRONCE 1/2\" CIM', 0, 0, 0, 1),
(1620, 'KB-1620', 'VALVULA CANASTILLA BRONCE 3/4\" CIM', 0, 0, 0, 1),
(1621, 'KB-1621', 'VALVULA CANASTILLA BRONCE 1\" CIM', 0, 0, 0, 1),
(1622, 'KB-1622', 'VALVULA CANASTILLA BRONCE 1 1/4\" CIM', 0, 0, 0, 1),
(1623, 'KB-1623', 'VALVULA CANASTILLA BRONCE 1 1/2\" CIM', 0, 0, 0, 1),
(1624, 'KB-1624', 'VALVULA CANASTILLA BRONCE 2\" CIM', 0, 0, 0, 1),
(1625, 'KB-1625', 'VALVULA CANASTILLA BRONCE 2 1/2\" CIM', 0, 0, 0, 1),
(1626, 'KB-1626', 'VALVULA CANASTILLA BRONCE 3\" CIM', 0, 0, 0, 1),
(1627, 'KB-1627', 'VALVULA CANASTILLA BRONCE 4\" CIM', 0, 0, 0, 1),
(1628, 'KB-1628', 'VALVULA ESFERICA MARIPOSA LIVIANA 1/2\" CIM', 0, 0, 0, 1),
(1629, 'KB-1629', 'VALVULA ESFERICA MARIPOSA LIVIANA 3/4\" CIM', 0, 0, 0, 1),
(1630, 'KB-1630', 'VALVULA ESFERICA MARIPOSA LIVIANA 1\" CIM', 0, 0, 0, 1),
(1631, 'KB-1631', 'VALVULA ESFERICA MARIPOSA PESADA 1/2\" CIM', 0, 0, 0, 1),
(1632, 'KB-1632', 'VALVULA ESFERICA MARIPOSA PESADA 3/4\" CIM', 0, 0, 0, 1),
(1633, 'KB-1633', 'VALVULA ESFERICA MARIPOSA PESADA 1\" CIM', 0, 0, 0, 1),
(1634, 'KB-1634', 'CAÑO JARDINERO CROMADO 1/2\" CIM', 0, 0, 0, 1),
(1635, 'KB-1635', 'CAÑO JARDINERO CROMADO 3/4\" CIM', 0, 0, 0, 1),
(1636, 'KB-1636', 'CAÑO JARDINERO CROMADO 1\" CIM', 0, 0, 0, 1),
(1637, 'KB-1637', 'PEGAMENTO DORADO (REGULAR) 1/64 GAL 1OZ 59ML OATEY', 0, 0, 0, 1),
(1638, 'KB-1638', 'PEGAMENTO DORADO (REGULAR) 1/32 GAL 4OZ 118ML OATEY', 0, 0, 0, 1),
(1639, 'KB-1639', 'PEGAMENTO DORADO (REGULAR) 1/16 GAL 8OZ 237ML OATEY', 0, 0, 0, 1),
(1640, 'KB-1640', 'PEGAMENTO DORADO (REGULAR) 1/8 GAL 16OZ 473ML OATEY', 0, 0, 0, 1),
(1641, 'KB-1641', 'PEGAMENTO DORADO (REGULAR) 1/4 GAL 32OZ 946ML OATEY', 0, 0, 0, 1),
(1642, 'KB-1642', 'PEGAMENTO DORADO (REGULAR) 1 GAL 128OZ 3788ML OATEY', 0, 0, 0, 1),
(1643, 'KB-1643', 'PEGAMENTO NARANJA (CPVC) 1/32 GAL 4OZ 118ML OATEY', 0, 0, 0, 1),
(1644, 'KB-1644', 'PEGAMENTO NARANJA (CPVC) 1/16 GAL 8OZ 237ML OATEY', 0, 0, 0, 1),
(1645, 'KB-1645', 'PEGAMENTO NARANJA (CPVC) 1/8 GAL 16OZ 473ML OATEY', 0, 0, 0, 1),
(1646, 'KB-1646', 'PEGAMENTO NARANJA (CPVC) 1/4 GAL 32OZ 946ML OATEY', 0, 0, 0, 1),
(1647, 'KB-1647', 'PEGAMENTO AZUL 1/64 GAL 1OZ 59ML OATEY', 0, 0, 0, 1),
(1648, 'KB-1648', 'PEGAMENTO AZUL 1/32 GAL 4OZ 118ML OATEY', 0, 0, 0, 1),
(1649, 'KB-1649', 'PEGAMENTO AZUL 1/16 GAL 8OZ 237ML OATEY', 0, 0, 0, 1),
(1650, 'KB-1650', 'PEGAMENTO AZUL 1/4 GAL 32OZ 946ML OATEY', 0, 0, 0, 1),
(1651, 'KB-1651', 'PEGAMENTO AZUL 1 GAL 128OZ 3788ML OATEY', 0, 0, 0, 1),
(1652, 'KB-1652', 'PEGAMENTO NEGRO (MEDIUM) 1/32 GAL 4OZ 118ML OATEY', 0, 0, 0, 1),
(1653, 'KB-1653', 'PEGAMENTO NEGRO (MEDIUM) 1/16 GAL 8OZ 237ML OATEY', 0, 0, 0, 1),
(1654, 'KB-1654', 'PEGAMENTO NEGRO (MEDIUM) 1/8 GAL 16OZ 473ML OATEY', 0, 0, 0, 1),
(1655, 'KB-1655', 'PEGAMENTO NEGRO (MEDIUM) 1/4 GAL 32OZ 946ML OATEY', 0, 0, 0, 1),
(1656, 'KB-1656', 'PEGAMENTO NEGRO (MEDIUM) 1 GAL 128OZ 3788ML OATEY', 0, 0, 0, 1),
(1657, 'KB-1657', 'PEGAMENTO VERDE (HEAVY) 1/4 GAL 32OZ 946ML OATEY', 0, 0, 0, 1),
(1658, 'KB-1658', 'PEGAMENTO VERDE (HEAVY) 1 GAL 128OZ 3788ML OATEY', 0, 0, 0, 1),
(1659, 'KB-1659', 'PEGAMENTO HEAVY DUTY FAST SET GRIS 1 GAL 128OZ 3788ML OATEY', 0, 0, 0, 1),
(1660, 'KB-1660', 'VALVULA CANASTILLA PVC SP 1/2\" ERA', 0, 0, 0, 1),
(1661, 'KB-1661', 'VALVULA CANASTILLA PVC SP 3/4\" ERA', 0, 0, 0, 1),
(1662, 'KB-1662', 'VALVULA CANASTILLA PVC SP 1\" ERA', 0, 0, 0, 1),
(1663, 'KB-1663', 'VALVULA CANASTILLA PVC SP 1 1/4\" ERA', 0, 0, 0, 1),
(1664, 'KB-1664', 'VALVULA CANASTILLA PVC SP 1 1/2\" ERA', 0, 0, 0, 1),
(1665, 'KB-1665', 'VALVULA CANASTILLA PVC SP 2\" ERA', 0, 0, 0, 1),
(1666, 'KB-1666', 'VALVULA CANASTILLA PVC SP 2 1/2\" ERA', 0, 0, 0, 1),
(1667, 'KB-1667', 'VALVULA CANASTILLA PVC SP 3\" ERA', 0, 0, 0, 1),
(1668, 'KB-1668', 'VALVULA CANASTILLA PVC SP 4\" ERA', 0, 0, 0, 1),
(1669, 'KB-1669', 'VALVULA CANASTILLA PVC CR 1/2\" ERA', 0, 0, 0, 1),
(1670, 'KB-1670', 'VALVULA CANASTILLA PVC CR 3/4\" ERA', 0, 0, 0, 1),
(1671, 'KB-1671', 'VALVULA CANASTILLA PVC CR 1\" ERA', 0, 0, 0, 1),
(1672, 'KB-1672', 'VALVULA CANASTILLA PVC CR 1 1/4\" ERA', 0, 0, 0, 1),
(1673, 'KB-1673', 'VALVULA CANASTILLA PVC CR 1 1/2\" ERA', 0, 0, 0, 1),
(1674, 'KB-1674', 'VALVULA CANASTILLA PVC CR 2\" ERA', 0, 0, 0, 1),
(1675, 'KB-1675', 'VALVULA CANASTILLA PVC CR 2 1/2\" ERA', 0, 0, 0, 1),
(1676, 'KB-1676', 'VALVULA CANASTILLA PVC CR 3\" ERA', 0, 0, 0, 1),
(1677, 'KB-1677', 'VALVULA CANASTILLA PVC CR 4\" ERA', 0, 0, 0, 1),
(2399, 'KB-1678', 'TUBO 4 TIGRE', 15, 1, 0, 3),
(2400, 'KB-1678', 'TUBO 4 TIGRE', 20, 1, 0, 3),
(2401, 'KB-1680', 'CODO 90 X 3/4 TIGRE', 20, 1, 254125, 3),
(2402, 'KB-1681', 'TEE AGUA FRIA PLASTISUR', 100, 50, 0, 2),
(2403, 'KB-2403', 'REDUCCION', 54, 8, 202, 6),
(2404, 'KB-1681', 'TEE AGUA FRIA PLASTISUR', 10, 10, 0, 3),
(2406, 'KB-2406', 'PEGAMENTO', 39.5, 12, 252525, 11),
(2407, 'KB-2407', '-AA', -10, 5, 0, 2),
(2408, 'KB-2407', 'AAA', 10, 5, 0, 1);

-- --------------------------------------------------------

--
-- Estructura de tabla para la tabla `t_cot`
--

CREATE TABLE `t_cot` (
  `idt_cot` int NOT NULL,
  `f_cot` varchar(45) CHARACTER SET utf8mb3 COLLATE utf8mb3_spanish_ci DEFAULT NULL,
  `n_cot` varchar(45) CHARACTER SET utf8mb3 COLLATE utf8mb3_spanish_ci DEFAULT NULL,
  `cod_clte` varchar(45) CHARACTER SET utf8mb3 COLLATE utf8mb3_spanish_ci DEFAULT NULL,
  `d_clte` varchar(45) CHARACTER SET utf8mb3 COLLATE utf8mb3_spanish_ci DEFAULT NULL,
  `n_clte` varchar(45) CHARACTER SET utf8mb3 COLLATE utf8mb3_spanish_ci DEFAULT NULL,
  `dir_clte` varchar(100) CHARACTER SET utf8mb3 COLLATE utf8mb3_spanish_ci DEFAULT NULL,
  `contacto` varchar(45) CHARACTER SET utf8mb3 COLLATE utf8mb3_spanish_ci DEFAULT NULL,
  `item` varchar(45) CHARACTER SET utf8mb3 COLLATE utf8mb3_spanish_ci DEFAULT NULL,
  `cod_pro` varchar(45) CHARACTER SET utf8mb3 COLLATE utf8mb3_spanish_ci DEFAULT NULL,
  `des_pro` varchar(45) CHARACTER SET utf8mb3 COLLATE utf8mb3_spanish_ci DEFAULT NULL,
  `can_pro` varchar(45) CHARACTER SET utf8mb3 COLLATE utf8mb3_spanish_ci DEFAULT NULL,
  `p_pro` varchar(45) CHARACTER SET utf8mb3 COLLATE utf8mb3_spanish_ci DEFAULT NULL,
  `periodo` varchar(45) CHARACTER SET utf8mb3 COLLATE utf8mb3_spanish_ci DEFAULT NULL
) ENGINE=InnoDB DEFAULT CHARSET=utf8mb3 COLLATE=utf8mb3_spanish_ci;

--
-- Volcado de datos para la tabla `t_cot`
--

INSERT INTO `t_cot` (`idt_cot`, `f_cot`, `n_cot`, `cod_clte`, `d_clte`, `n_clte`, `dir_clte`, `contacto`, `item`, `cod_pro`, `des_pro`, `can_pro`, `p_pro`, `periodo`) VALUES
(100, '2024-03-13', 'MC03022024', 'KB-102', '10863664', 'BERTHA BEATRIZ RUGEL RIVADENEYRA', 'AREQUIPA', 'BETY', '1', 'KB-0001', 'TB CPVC 1/2\" X 5M PAVCO', '1', '70', '042024'),
(101, '2024-03-13', 'MC03032024', 'KB-102', '10863664', 'BERTHA BEATRIZ RUGEL RIVADENEYRA', 'AREQUIPA', 'BETY', '1', 'KB-0001', 'TB CPVC 1/2\" X 5M PAVCO', '1', '70', '042024'),
(102, '2024-03-13', 'MC03302024', 'KB-101', '20606145030', 'MEGA KB E.I.R.L.', 'AV. JESUS NRO. 322 URB. CERCADO DE MARIANO MELGAR AREQUIPA AREQUIPA AREQUIPA', 'ALBERTO', '1', 'KB-0127', 'CODO PVC C/ROSCA 90° X 1/2\" PAVCO', '10', '1.4683625', '032024'),
(103, '2024-03-13', 'MC03302024', 'KB-101', '20606145030', 'MEGA KB E.I.R.L.', 'AV. JESUS NRO. 322 URB. CERCADO DE MARIANO MELGAR AREQUIPA AREQUIPA AREQUIPA', 'ALBERTO', '1', 'KB-0127', 'CODO PVC C/ROSCA 90° X 1/2\" PAVCO', '10', '1.4683625', '032024'),
(104, '2024-03-13', 'MC03302024', 'KB-101', '20606145030', 'MEGA KB E.I.R.L.', 'AV. JESUS NRO. 322 URB. CERCADO DE MARIANO MELGAR AREQUIPA AREQUIPA AREQUIPA', 'ALBERTO', '2', 'KB-0153', 'UNION SIMPLE PVC C/ROSCA 1/2\" PAVCO', '20', '1.58725195968645', '052024'),
(105, '2024-03-13', 'MC03302024', 'KB-101', '20606145030', 'MEGA KB E.I.R.L.', 'AV. JESUS NRO. 322 URB. CERCADO DE MARIANO MELGAR AREQUIPA AREQUIPA AREQUIPA', 'ALBERTO', '2', 'KB-0153', 'UNION SIMPLE PVC C/ROSCA 1/2\" PAVCO', '20', '1.58725195968645', '042024'),
(106, '2024-03-13', 'MC03302024', 'KB-101', '20606145030', 'MEGA KB E.I.R.L.', 'AV. JESUS NRO. 322 URB. CERCADO DE MARIANO MELGAR AREQUIPA AREQUIPA AREQUIPA', 'ALBERTO', '3', 'KB-0169', 'TEE PVC C/ROSCA 1/2\" PAVCO', '30', '2.09277538461538', '032024'),
(107, '2024-03-13', 'MC03302024', 'KB-101', '20606145030', 'MEGA KB E.I.R.L.', 'AV. JESUS NRO. 322 URB. CERCADO DE MARIANO MELGAR AREQUIPA AREQUIPA AREQUIPA', 'ALBERTO', '3', 'KB-0169', 'TEE PVC C/ROSCA 1/2\" PAVCO', '30', '2.09277538461538', '032024'),
(108, '2024-04-04', 'MC04042024', 'KB-102', '10863664', 'BERTHA BEATRIZ RUGEL RIVADENEYRA', 'AREQUIPA', 'BETY', '1', 'KB-0001', 'TB CPVC 1/2\" X 5M PAVCO', '10', '60.4703247480403', NULL);

-- --------------------------------------------------------

--
-- Estructura de tabla para la tabla `usuarios_sunat`
--

CREATE TABLE `usuarios_sunat` (
  `id` int NOT NULL,
  `nomcomercial` varchar(100) CHARACTER SET utf8mb3 COLLATE utf8mb3_spanish_ci DEFAULT NULL,
  `nomus` varchar(30) CHARACTER SET utf8mb3 COLLATE utf8mb3_spanish_ci NOT NULL,
  `clavus` varchar(30) CHARACTER SET utf8mb3 COLLATE utf8mb3_spanish_ci NOT NULL,
  `clavcer` varchar(100) CHARACTER SET utf8mb3 COLLATE utf8mb3_spanish_ci NOT NULL,
  `rucempresa` varchar(15) CHARACTER SET utf8mb3 COLLATE utf8mb3_spanish_ci NOT NULL,
  `nomcer` varchar(150) CHARACTER SET utf8mb3 COLLATE utf8mb3_spanish_ci NOT NULL,
  `token` varchar(255) CHARACTER SET utf8mb3 COLLATE utf8mb3_spanish_ci DEFAULT NULL
) ENGINE=InnoDB DEFAULT CHARSET=utf8mb3 COLLATE=utf8mb3_spanish_ci ROW_FORMAT=DYNAMIC;

--
-- Volcado de datos para la tabla `usuarios_sunat`
--

INSERT INTO `usuarios_sunat` (`id`, `nomcomercial`, `nomus`, `clavus`, `clavcer`, `rucempresa`, `nomcer`, `token`) VALUES
(10, 'DSIG', 'admin', 'YWRtaW4=', 'YWRtaW4=', '20601733022', '202020601733022.pfx', '9bbf8af44195109c0b0b6b4f07cfb54d18a980fd');

--
-- Índices para tablas volcadas
--

--
-- Indices de la tabla `catalogo_02`
--
ALTER TABLE `catalogo_02`
  ADD PRIMARY KEY (`id`) USING BTREE;

--
-- Indices de la tabla `catalogo_03`
--
ALTER TABLE `catalogo_03`
  ADD PRIMARY KEY (`id`) USING BTREE;

--
-- Indices de la tabla `catalogo_04`
--
ALTER TABLE `catalogo_04`
  ADD PRIMARY KEY (`id`) USING BTREE;

--
-- Indices de la tabla `catalogo_06`
--
ALTER TABLE `catalogo_06`
  ADD PRIMARY KEY (`id`) USING BTREE;

--
-- Indices de la tabla `catalogo_07`
--
ALTER TABLE `catalogo_07`
  ADD PRIMARY KEY (`id`) USING BTREE;

--
-- Indices de la tabla `catalogo_09`
--
ALTER TABLE `catalogo_09`
  ADD PRIMARY KEY (`id`) USING BTREE;

--
-- Indices de la tabla `catalogo_10`
--
ALTER TABLE `catalogo_10`
  ADD PRIMARY KEY (`id`) USING BTREE;

--
-- Indices de la tabla `catalogo_13_dist`
--
ALTER TABLE `catalogo_13_dist`
  ADD PRIMARY KEY (`id`) USING BTREE,
  ADD KEY `idprov` (`idprov`) USING BTREE;

--
-- Indices de la tabla `catalogo_13_dpt`
--
ALTER TABLE `catalogo_13_dpt`
  ADD PRIMARY KEY (`id`) USING BTREE;

--
-- Indices de la tabla `catalogo_13_prov`
--
ALTER TABLE `catalogo_13_prov`
  ADD PRIMARY KEY (`id`) USING BTREE,
  ADD KEY `iddpt` (`iddpt`) USING BTREE;

--
-- Indices de la tabla `comprobantes`
--
ALTER TABLE `comprobantes`
  ADD PRIMARY KEY (`cod`);

--
-- Indices de la tabla `cot`
--
ALTER TABLE `cot`
  ADD PRIMARY KEY (`IdCot`);

--
-- Indices de la tabla `detalle`
--
ALTER TABLE `detalle`
  ADD PRIMARY KEY (`id`) USING BTREE,
  ADD KEY `idllave` (`idllave`) USING BTREE;

--
-- Indices de la tabla `numeracion`
--
ALTER TABLE `numeracion`
  ADD PRIMARY KEY (`id`);

--
-- Indices de la tabla `resumen`
--
ALTER TABLE `resumen`
  ADD PRIMARY KEY (`id`) USING BTREE,
  ADD UNIQUE KEY `llave` (`llave`) USING BTREE,
  ADD KEY `idnum` (`idnum`) USING BTREE,
  ADD KEY `cat09` (`cat09`) USING BTREE,
  ADD KEY `cat10` (`cat10`) USING BTREE,
  ADD KEY `idmon` (`idmon`) USING BTREE,
  ADD KEY `idcliente` (`idcliente`) USING BTREE,
  ADD KEY `idpago` (`idpago`) USING BTREE;

--
-- Indices de la tabla `tclte`
--
ALTER TABLE `tclte`
  ADD PRIMARY KEY (`id_clte`);

--
-- Indices de la tabla `tingreso`
--
ALTER TABLE `tingreso`
  ADD PRIMARY KEY (`id_comp`);

--
-- Indices de la tabla `tmarcas`
--
ALTER TABLE `tmarcas`
  ADD PRIMARY KEY (`id_mar`);

--
-- Indices de la tabla `tproductos`
--
ALTER TABLE `tproductos`
  ADD PRIMARY KEY (`id_pro`),
  ADD KEY `id_mar` (`id_mar`);

--
-- Indices de la tabla `t_cot`
--
ALTER TABLE `t_cot`
  ADD PRIMARY KEY (`idt_cot`);

--
-- Indices de la tabla `usuarios_sunat`
--
ALTER TABLE `usuarios_sunat`
  ADD PRIMARY KEY (`id`) USING BTREE,
  ADD KEY `idregistro` (`rucempresa`) USING BTREE;

--
-- AUTO_INCREMENT de las tablas volcadas
--

--
-- AUTO_INCREMENT de la tabla `detalle`
--
ALTER TABLE `detalle`
  MODIFY `id` int NOT NULL AUTO_INCREMENT, AUTO_INCREMENT=1149;

--
-- AUTO_INCREMENT de la tabla `numeracion`
--
ALTER TABLE `numeracion`
  MODIFY `id` int NOT NULL AUTO_INCREMENT, AUTO_INCREMENT=4;

--
-- AUTO_INCREMENT de la tabla `resumen`
--
ALTER TABLE `resumen`
  MODIFY `id` int NOT NULL AUTO_INCREMENT, AUTO_INCREMENT=575;

--
-- AUTO_INCREMENT de la tabla `tclte`
--
ALTER TABLE `tclte`
  MODIFY `id_clte` int NOT NULL AUTO_INCREMENT, AUTO_INCREMENT=23;

--
-- AUTO_INCREMENT de la tabla `tingreso`
--
ALTER TABLE `tingreso`
  MODIFY `id_comp` int NOT NULL AUTO_INCREMENT, AUTO_INCREMENT=14;

--
-- AUTO_INCREMENT de la tabla `tmarcas`
--
ALTER TABLE `tmarcas`
  MODIFY `id_mar` int NOT NULL AUTO_INCREMENT, AUTO_INCREMENT=23;

--
-- AUTO_INCREMENT de la tabla `tproductos`
--
ALTER TABLE `tproductos`
  MODIFY `id_pro` int NOT NULL AUTO_INCREMENT, AUTO_INCREMENT=2409;

--
-- AUTO_INCREMENT de la tabla `t_cot`
--
ALTER TABLE `t_cot`
  MODIFY `idt_cot` int NOT NULL AUTO_INCREMENT, AUTO_INCREMENT=109;

--
-- AUTO_INCREMENT de la tabla `usuarios_sunat`
--
ALTER TABLE `usuarios_sunat`
  MODIFY `id` int NOT NULL AUTO_INCREMENT, AUTO_INCREMENT=11;

--
-- Restricciones para tablas volcadas
--

--
-- Filtros para la tabla `tproductos`
--
ALTER TABLE `tproductos`
  ADD CONSTRAINT `tproductos_ibfk_1` FOREIGN KEY (`id_mar`) REFERENCES `tmarcas` (`id_mar`) ON DELETE RESTRICT ON UPDATE RESTRICT;
COMMIT;

/*!40101 SET CHARACTER_SET_CLIENT=@OLD_CHARACTER_SET_CLIENT */;
/*!40101 SET CHARACTER_SET_RESULTS=@OLD_CHARACTER_SET_RESULTS */;
/*!40101 SET COLLATION_CONNECTION=@OLD_COLLATION_CONNECTION */;
